,mutual_information,mutual_information_rank,tree_importance,tree_importance_rank,combined_rank,source_variable
TOTDIAG,0.083571467391381,1.0,0.03695269974026126,2.0,1.5,TOTDIAG
CONSULT__Yes,0.06262797451397839,2.0,0.04441347542299793,1.0,1.5,CONSULT
NUMDIS,0.044989192564846014,5.0,0.023487956711805327,3.0,4.0,NUMDIS
NUMGIV,0.05616639248634092,3.0,0.015121036593375296,6.0,4.5,NUMGIV
CBC__Yes,0.048261406836940246,4.0,0.012075922299046478,8.0,6.0,CBC
LOV,0.03871880318651666,9.0,0.01986164110612788,4.0,6.5,LOV
IVFLUIDS__Yes,0.04415786214375084,6.0,0.01315525865400456,7.0,6.5,IVFLUIDS
DIAG1__frequency,0.039626793471990496,8.0,0.01083592046428047,13.0,10.5,DIAG1
AGE,0.03155552729563249,27.0,0.01826582118705866,5.0,16.0,AGE
GPMED6__1,0.03252825033018847,24.0,0.01177341018177562,9.0,16.5,GPMED6
BLOODCX__Yes,0.032564387484264046,23.0,0.011488373124115063,11.0,17.0,BLOODCX
GPMED2__1,0.03592621664789486,14.0,0.008348208199987528,20.0,17.0,GPMED2
GPMED4__1,0.03457236887218129,16.0,0.008187961475813528,21.0,18.5,GPMED4
GPMED3__1,0.03375108674961136,20.0,0.008475131754120579,19.0,19.5,GPMED3
GPMED5__1,0.03237943511605179,25.0,0.009558545172255788,15.0,20.0,GPMED5
RFV13D__frequency,0.03415736279754111,18.0,0.006280517664975916,29.0,23.5,RFV13D
DRUGID1__frequency,0.038358716097908196,10.0,0.005504303874649247,37.0,23.5,DRUGID1
RX2CAT1__frequency,0.035035396905330085,15.0,0.005678904753796808,34.0,24.5,RX2CAT1
EKG__Yes,0.029967428818589825,36.0,0.009767104657173334,14.0,25.0,EKG
COVIDTEST__Yes,0.02870197695554988,38.0,0.01138574688039143,12.0,25.0,COVIDTEST
RX1CAT1__frequency,0.04240101291482867,7.0,0.005071089193680762,45.0,26.0,RX1CAT1
MED1__frequency,0.03763627719929441,11.0,0.005085122903003727,44.0,27.5,MED1
DRUGID2__frequency,0.037014197319101605,12.0,0.005098258911285188,43.0,27.5,DRUGID2
CMP__Yes,0.030588098238202077,34.0,0.0059099674434909535,32.0,33.0,CMP
DRUGID3__frequency,0.033997235590954133,19.0,0.005011020347840579,48.0,33.5,DRUGID3
DIAG2__frequency,0.027570741872188886,41.0,0.006307407614423891,28.0,34.5,DIAG2
RX3CAT1__frequency,0.036038234982611606,13.0,0.004326031328017267,64.0,38.5,RX3CAT1
PTTINR__Yes,0.02279451504867347,67.0,0.01149739583913443,10.0,38.5,PTTINR
AGE_GROUP__older_adult_65_plus,0.023572868140713465,61.0,0.008543502023456532,18.0,39.5,AGE_GROUP
RX1V1C1__frequency,0.026635428384786053,45.0,0.00540108404068952,38.0,41.5,RX1V1C1
NUMMED,0.03446897836753804,17.0,0.004295824514032069,67.0,42.0,NUMMED
RX2V2C1__frequency,0.03336022572282471,22.0,0.0043917737070146975,62.0,42.0,RX2V2C1
DRUGID4__frequency,0.03227726526060182,26.0,0.004498209288062385,60.0,43.0,DRUGID4
RX3V2C1__frequency,0.030791841606196746,31.0,0.004554338045182045,58.0,44.5,RX3V2C1
MED2__frequency,0.02732983123014976,43.0,0.005067815279738149,46.0,44.5,MED2
ARREMS__1,0.022836714601340624,66.0,0.00731708581273505,24.0,45.0,ARREMS
RX1V2C1__frequency,0.026551582426929565,46.0,0.0050267239359985975,47.0,46.5,RX1V2C1
MED3__frequency,0.03367172047634215,21.0,0.003698456373752478,76.0,48.5,MED3
OTHERBLD__Yes,0.023940858638848317,58.0,0.005218564273268833,40.0,49.0,OTHERBLD
RX4CAT1__frequency,0.031177816182154983,29.0,0.004262272675874842,69.0,49.0,RX4CAT1
MED4__frequency,0.03070852649854694,32.0,0.004300457610628617,66.0,49.0,MED4
RX3V1C1__frequency,0.025697024801555557,48.0,0.004763385958398569,53.0,50.5,RX3V1C1
GPMED9__1,0.02152443405373239,71.0,0.00551403072132474,35.0,53.0,GPMED9
RX4V1C1__frequency,0.029159331857155024,37.0,0.00357369701058399,80.0,58.5,RX4V1C1
NOCHRON__1,0.027604074171737825,40.0,0.0036962108589782016,77.0,58.5,NOCHRON
PROC__1,0.03150395321709998,28.0,0.0031646298914526022,90.0,59.0,PROC
RX2V1C1__frequency,0.025181972688561594,53.0,0.004289590021751585,68.0,60.5,RX2V1C1
RX5CAT1__frequency,0.030231572149897357,35.0,0.0032962979928286584,86.0,60.5,RX5CAT1
DRUGID6__frequency,0.028591503205498192,39.0,0.0034125380430674,84.0,61.5,DRUGID6
RX1V3C1__frequency,0.022978883161890673,65.0,0.004394965771567167,61.0,63.0,RX1V3C1
GPMED8__1,0.02094578044340234,74.0,0.004778827036093563,52.0,63.0,GPMED8
AMBTRANSFER__2,0.020792281271437618,76.0,0.004800396644867208,51.0,63.5,AMBTRANSFER
RX2V3C1__frequency,0.024078015181045576,56.0,0.0039784692062001465,72.0,64.0,RX2V3C1
COMSTAT7__1,0.02556828915017606,50.0,0.0035202125739260993,82.0,66.0,COMSTAT7
RX6CAT1__frequency,0.02558690890842441,49.0,0.003431911118415348,83.0,66.0,RX6CAT1
GPMED7__1,0.023251842153307,63.0,0.004097986742203044,71.0,67.0,GPMED7
RX6V1C1__frequency,0.026218034684353464,47.0,0.0032797424733785,89.0,68.0,RX6V1C1
RX4V2C1__frequency,0.030629843085595798,33.0,0.002653705156661807,105.0,69.0,RX4V2C1
RX3V3C1__frequency,0.024043515421862116,57.0,0.0035211494660844895,81.0,69.0,RX3V3C1
RX5V1C1__frequency,0.031143679237791932,30.0,0.0025031480611545694,108.0,69.0,RX5V1C1
DIAG3__frequency,0.01961011353860842,83.0,0.004622129729796449,57.0,70.0,DIAG3
EMT__Yes,0.01916424717650611,88.0,0.004688239931887784,54.0,71.0,EMT
HTN__Yes,0.019471001695070544,86.0,0.004654871007639607,56.0,71.0,HTN
PAYMCARE__Yes,0.021099298923936916,73.0,0.004253768787590424,70.0,71.5,PAYMCARE
RX7CAT1__frequency,0.02726377626242993,44.0,0.0026735279620415816,103.0,73.5,RX7CAT1
MED7__frequency,0.023639637796083912,60.0,0.0032849759883911522,88.0,74.0,MED7
RX6V2C1__frequency,0.025079897869707102,54.0,0.0029669189782190503,94.0,74.0,RX6V2C1
RX5V2C1__frequency,0.027372721883035522,42.0,0.0024774119006793567,110.0,76.0,RX5V2C1
MED5__frequency,0.024731454275258136,55.0,0.0028573969200227363,99.0,77.0,MED5
RX7V1C1__frequency,0.023494819011967927,62.0,0.003111808748870458,92.0,77.0,RX7V1C1
CATSCAN__Yes,0.019553169831454387,84.0,0.0037128394590546523,75.0,79.5,CATSCAN
PAYTYPER__2,0.01770490181000639,97.0,0.00432308178771136,65.0,81.0,PAYTYPER
HYPLIPID__Yes,0.018617330662928477,91.0,0.003786686698880154,73.0,82.0,HYPLIPID
BPDIASD,0.01339584735941024,138.0,0.006551209144358599,27.0,82.5,BPDIASD
LACTATE__Yes,0.016345919000331666,111.0,0.004679585935003118,55.0,83.0,LACTATE
RX4V3C1__frequency,0.020850219075894127,75.0,0.0030600373033415024,93.0,84.0,RX4V3C1
ANYIMAGE__No,0.025457032301122284,52.0,0.0020640311308992524,117.0,84.5,ANYIMAGE
RX7V2C1__frequency,0.023822952274321407,59.0,0.0023293431131633804,111.0,85.0,RX7V2C1
MED6__frequency,0.0206797553015996,78.0,0.0028058573254481716,100.0,89.0,MED6
DRUGID5__frequency,0.022633380537842918,69.0,0.002493162478849808,109.0,89.0,DRUGID5
DRUGID7__frequency,0.01790462850973218,95.0,0.002785399042404616,101.0,98.0,DRUGID7
RFV23D__frequency,0.012098992801078845,149.0,0.0049721978435773515,49.0,99.0,RFV23D
CONTSUB4__6,0.025545817594795128,51.0,0.0013228024764974017,150.0,100.5,CONTSUB4
POPCT,0.01039085808986262,169.0,0.005373679620554838,39.0,104.0,POPCT
MED9__frequency,0.01991601675352772,80.0,0.0016167419937208722,129.0,104.5,MED9
CONTSUB6__6,0.020713104818606665,77.0,0.0015313442287974292,133.0,105.0,CONTSUB6
XRAY__Yes,0.016758979342019975,105.0,0.0026079620722392204,107.0,106.0,XRAY
DIAG4__frequency,0.015455742448186482,116.0,0.00272900537817926,102.0,109.0,DIAG4
AGER__6,0.014959659923444057,121.0,0.002899122628699005,97.0,109.0,AGER
IMMEDR__2,0.01140185665447424,159.0,0.004541199098483234,59.0,109.0,IMMEDR
CHF__Yes,0.012107041769131355,148.0,0.003761649648991518,74.0,111.0,CHF
RX1V2C2__frequency,0.017134039074610863,103.0,0.0019152908631040403,121.0,112.0,RX1V2C2
BPSYS,0.008258967972759823,202.0,0.00749202931946572,23.0,112.5,BPSYS
RX9V1C1__frequency,0.016643498259391487,108.0,0.002059125629912834,118.0,113.0,RX9V1C1
RX5V3C1__frequency,0.018205750347328298,94.0,0.0015400596706235145,132.0,113.0,RX5V3C1
COMSTAT3__1,0.022634343160492287,68.0,0.001253469208437853,159.0,113.5,COMSTAT3
RX9CAT1__frequency,0.01778569226116611,96.0,0.0015241888042569944,134.0,115.0,RX9CAT1
RESPRD,0.009577464120925416,181.0,0.004819929856352893,50.0,115.5,RESPRD
RX8CAT1__frequency,0.019528644471072276,85.0,0.0013862113682470464,149.0,117.0,RX8CAT1
RX8V1C1__frequency,0.017187148266045504,101.0,0.001504044591180864,136.0,118.5,RX8V1C1
DRUGID8__frequency,0.021405401890678633,72.0,0.0012021906448056424,167.0,119.5,DRUGID8
CARDMON__Yes,0.011836428963362566,152.0,0.003294675867393719,87.0,119.5,CARDMON
GPMED10__1,0.013122384330350734,139.0,0.0026622749069103724,104.0,121.5,GPMED10
CKD__Yes,0.007624412244872092,215.0,0.005854256209100704,33.0,124.0,CKD
RX6V3C1__frequency,0.013732603036593849,134.0,0.0022125305409702823,114.0,124.0,RX6V3C1
GLUCOSE__Yes,0.011114217101168888,164.0,0.00330867093068283,85.0,124.5,GLUCOSE
PULSED,0.007429669730113275,220.0,0.00616387425016682,30.0,125.0,PULSED
RX1CAT2__frequency,0.014565650444552825,127.0,0.0018126783891762065,123.0,125.0,RX1CAT2
RX9V2C1__frequency,0.02302681161023723,64.0,0.0010551580847486214,188.0,126.0,RX9V2C1
RX10V2C1__frequency,0.01654310125204672,109.0,0.0014100459512197917,145.0,127.0,RX10V2C1
BMP__Yes,0.0113697764044971,160.0,0.0029657500342222002,95.0,127.5,BMP
DIABTYP2__Yes,0.009618862480307078,179.0,0.003625746904586686,79.0,129.0,DIABTYP2
PRDIAG4__No,0.015171976940144383,118.0,0.001426013545575497,141.0,129.5,PRDIAG4
RX8V2C1__frequency,0.018688877917169,89.0,0.0011420729926865136,171.0,130.0,RX8V2C1
COMSTAT4__1,0.016365086712336163,110.0,0.0013066143724662189,152.0,131.0,COMSTAT4
RX11V2C1__frequency,0.01559530085568639,115.0,0.0014033573204029976,147.0,131.0,RX11V2C1
BPSYSD,0.007203911733335788,228.0,0.0055128123860305345,36.0,132.0,BPSYSD
PULSE_PRESSURE,0.006485795881874257,250.0,0.007525465550382165,22.0,136.0,PULSE_PRESSURE
CONTSUB7__6,0.014725356548241253,124.0,0.0014011224279027667,148.0,136.0,CONTSUB7
CONTSUB5__6,0.018394894712265852,93.0,0.0010783105742440127,180.0,136.5,CONTSUB5
CAD__Yes,0.011163168532693168,162.0,0.0022973205215775176,112.0,137.0,CAD
DRUGID9__frequency,0.01666867398916816,107.0,0.0011832812778349445,168.0,137.5,DRUGID9
CANCER__Yes,0.011901111625580718,151.0,0.001730855701200828,126.0,138.5,CANCER
BNP__Yes,0.009187308470585798,189.0,0.002635601490271456,106.0,147.5,BNP
TOTPROC__1,0.009538659937460059,182.0,0.0021909763224997204,115.0,148.5,TOTPROC
MED8__frequency,0.017390398525874762,99.0,0.0010100037180001743,198.0,148.5,MED8
COMSTAT8__1,0.01668526905334833,106.0,0.0010253955389943222,193.0,149.5,COMSTAT8
PRDIAG5__No,0.010889703502526604,165.0,0.0015064765417049353,135.0,150.0,PRDIAG5
RX11CAT1__frequency,0.015108409340588436,119.0,0.0010710207781694234,182.0,150.5,RX11CAT1
DIAGSCRN__0,0.018625165166785695,90.0,0.0009484880531634072,216.0,153.0,DIAGSCRN
DIAG5__frequency,0.009121190810463142,190.0,0.002137030923938661,116.0,153.0,DIAG5
RX7V3C1__frequency,0.01747531814406722,98.0,0.0009839735774721805,208.0,153.0,RX7V3C1
PRDIAG2__Missing,0.012325356566092793,145.0,0.0012381910723866928,163.0,154.0,PRDIAG2
DRUGID10__frequency,0.017157767370818755,102.0,0.0009849061154481003,207.0,154.5,DRUGID10
CONTSUB3__6,0.019284715526102003,87.0,0.0009366202319635763,224.0,155.5,CONTSUB3
OTHPROV__Yes,0.00927808120028395,187.0,0.001756520948499032,125.0,156.0,OTHPROV
MED10__frequency,0.018492424505744953,92.0,0.0009416078156340915,221.0,156.5,MED10
CARDENZ__Yes,0.008924793835128453,194.0,0.0019901760874331898,120.0,157.0,CARDENZ
PRESCR2__1,0.011402218089713312,158.0,0.001264021069248307,158.0,158.0,PRESCR2
PRDIAG3__No,0.01244071666368951,144.0,0.0011416591421024717,172.0,158.0,PRDIAG3
TOTCHRON__6,0.008604958350274083,198.0,0.0020031592581122894,119.0,158.5,TOTCHRON
VITALSD__1,0.012466614967783896,143.0,0.0010917117696416512,178.0,160.5,VITALSD
RX11V1C1__frequency,0.01986850531153106,81.0,0.0008174089414348438,249.0,165.0,RX11V1C1
URINE__Yes,0.010858264541991902,166.0,0.0012197772867509232,164.0,165.0,URINE
IMMEDR__4,0.01729142937311745,100.0,0.0008835173063435311,234.0,167.0,IMMEDR
CAUSE1__frequency,0.007869046512794853,212.0,0.0015877970413505763,130.0,171.0,CAUSE1
CONTSUB9__6,0.012093407530715972,150.0,0.0010206837924621626,194.0,172.0,CONTSUB9
AMBTRANSFER__1,0.007505197241039596,218.0,0.0016665600131129548,128.0,173.0,AMBTRANSFER
PRESCR5__1,0.019867766021455235,82.0,0.0007877378953128556,265.0,173.5,PRESCR5
TEMPDF,0.00526644375056784,287.0,0.004327539975992385,63.0,175.0,TEMPDF
PRESCR3__1,0.012561180994495436,142.0,0.000960973849523298,215.0,178.5,PRESCR3
RX10V1C1__frequency,0.021740196966505643,70.0,0.0006892732948576919,291.0,180.5,RX10V1C1
COPD__Yes,0.0074344529086978195,219.0,0.001417900210665439,143.0,181.0,COPD
CEBVD__Yes,0.0056635685401054126,275.0,0.003112115910111225,91.0,183.0,CEBVD
RX10CAT1__frequency,0.01572953852237835,113.0,0.000792490958280555,260.0,186.5,RX10CAT1
TOXSCREN__Yes,0.010055723438184616,172.0,0.0010016884503398892,201.0,186.5,TOXSCREN
COMSTAT9__1,0.014738579436827548,123.0,0.0007978450668280661,255.0,189.0,COMSTAT9
RX3V2C2__frequency,0.006779230182932805,240.0,0.0014814347475618503,138.0,189.0,RX3V2C2
CTHEAD__Yes,0.006835308481406122,238.0,0.0014236469464368206,142.0,190.0,CTHEAD
DRUGID11__frequency,0.015035231300667862,120.0,0.0007900592003329064,263.0,191.5,DRUGID11
ULTRASND__Yes,0.009291073624697832,186.0,0.0010073061251303621,199.0,192.5,ULTRASND
RX2V2C2__frequency,0.006071736711576792,260.0,0.001711946659592709,127.0,193.5,RX2V2C2
GPMED11__1,0.011160200689144029,163.0,0.0009362466401926929,225.0,194.0,GPMED11
GPMED1__2,0.010173927854658205,171.0,0.0009480893810531545,217.0,194.0,GPMED1
RX12V2C1__frequency,0.01219401715155044,147.0,0.0008427431424056493,242.0,194.5,RX12V2C1
RFV43D__frequency,0.0049916157560265795,294.0,0.0028755912350386416,98.0,196.0,RFV43D
PRESCR4__1,0.01353800912453984,136.0,0.0007953172744956216,258.0,197.0,PRESCR4
COMSTAT6__1,0.02004990503366577,79.0,0.0006318384505131189,315.0,197.0,COMSTAT6
MED11__frequency,0.014182405565321021,128.0,0.0007658039535267373,271.0,199.5,MED11
RX2CAT2__frequency,0.00581824010759191,268.0,0.0015643385963366096,131.0,199.5,RX2CAT2
RESPR,0.0035831176367440154,360.0,0.005173703880434891,42.0,201.0,RESPR
RX3CAT2__frequency,0.005917517216626589,263.0,0.0014090013977592032,146.0,204.5,RX3CAT2
GPMED2__2,0.008230403539526865,203.0,0.0009803251582529416,210.0,206.5,GPMED2
OBESITY__Yes,0.008213026359416453,204.0,0.0009757117269179416,213.0,208.5,OBESITY
RX5CAT2__frequency,0.009397248628057353,183.0,0.0008613821412125075,240.0,211.5,RX5CAT2
SHOCK_INDEX,0.002741572945405446,406.0,0.008603148458096496,17.0,211.5,SHOCK_INDEX
MED13__frequency,0.013908295733605858,132.0,0.0006857448381216647,292.0,212.0,MED13
CTCONTRAST__2,0.006519420653624541,249.0,0.001102749636702195,176.0,212.5,CTCONTRAST
RX12V1C1__frequency,0.014882421417024005,122.0,0.0006379550208474462,313.0,217.5,RX12V1C1
RX4CAT2__frequency,0.008327974475487387,201.0,0.000871654943280185,236.0,218.5,RX4CAT2
POOLNURS__2,0.005772511447490247,270.0,0.0011679389890167941,169.0,219.5,POOLNURS
RESINT__Yes,0.0037415070627497826,349.0,0.00222875262341005,113.0,231.0,RESINT
COMSTAT5__1,0.0169717640700362,104.0,0.00046531790532735624,360.0,232.0,COMSTAT5
CTCONTRAST__1,0.005343851593543558,283.0,0.0010719821863951406,181.0,232.0,CTCONTRAST
RX8V3C1__frequency,0.013546162055331212,135.0,0.0005582245079223007,336.0,235.5,RX8V3C1
RX5V2C2__frequency,0.00761455615599993,216.0,0.0007962514337283075,256.0,236.0,RX5V2C2
RX1V3C2__frequency,0.007266530360780843,226.0,0.000829175867737211,246.0,236.0,RX1V3C2
WAITTIME,0.0021975378138707757,447.0,0.006579541366188579,26.0,236.5,WAITTIME
CTCHEST__Yes,0.003967930325155855,337.0,0.0015026295150292743,137.0,237.0,CTCHEST
GPMED3__2,0.006638493287728586,245.0,0.0008975572765377768,231.0,238.0,GPMED3
RX4V2C2__frequency,0.006109073627956985,258.0,0.0009433764095364901,220.0,239.0,RX4V2C2
RX15V1C1__frequency,0.015273234522590995,117.0,0.0004538244760381196,366.0,241.5,RX15V1C1
WIRELESS__2,0.004808857729425187,299.0,0.001070407946910068,184.0,241.5,WIRELESS
RX13V1C1__frequency,0.01158457699925819,157.0,0.0005997836413878116,327.0,242.0,RX13V1C1
BUNCREAT__Yes,0.004806575441802741,300.0,0.0010647894443330905,185.0,242.5,BUNCREAT
INJURY__1,0.004572643601540971,314.0,0.001133347885542552,173.0,243.5,INJURY
MRI__Yes,0.004447266369096203,322.0,0.0012107813144703206,166.0,244.0,MRI
AGER__5,0.005838549333614829,266.0,0.0009398405628590336,223.0,244.5,AGER
PRESCR6__1,0.01395297858817135,131.0,0.0004539564798593413,365.0,248.0,PRESCR6
CONTSUB2__Missing,0.013953690653779383,130.0,0.0004354410036344964,370.0,250.0,CONTSUB2
GPMED1__Missing,0.007872378810118486,211.0,0.0006909070657842617,290.0,250.5,GPMED1
GPMED4__2,0.005059870577451608,291.0,0.0009757336952460966,212.0,251.5,GPMED4
ESRD__Yes,0.009074407244696214,192.0,0.0006288865208064149,316.0,254.0,ESRD
CONTSUB11__6,0.011803279542950795,153.0,0.0004284223893981114,372.0,262.5,CONTSUB11
DRUGID12__frequency,0.013953907788348818,129.0,0.0003793906087094298,397.0,263.0,DRUGID12
GPMED2__3,0.007514809325588567,217.0,0.0006465339956553063,310.0,263.5,GPMED2
RX13CAT1__frequency,0.013519663862483489,137.0,0.00039284604948777203,390.0,263.5,RX13CAT1
RX12CAT1__frequency,0.01169845678203485,155.0,0.00042501575660975575,375.0,265.0,RX12CAT1
PAYMCAID__Yes,0.0035391042874572953,363.0,0.0011477897856210532,170.0,266.5,PAYMCAID
INTENT15__2,0.0046551048075729184,309.0,0.0009245724505964529,228.0,268.5,INTENT15
ETHUN__Missing,0.004047013265530808,333.0,0.0009869917349356965,206.0,269.5,ETHUN
ATTPHYS__No,0.00879939181055378,195.0,0.0005125711522540777,345.0,270.0,ATTPHYS
RX1V1C2__frequency,0.0026433619825640964,416.0,0.001770463955490832,124.0,270.0,RX1V1C2
COMSTAT2__Missing,0.012894661848407152,140.0,0.00037399537919687975,401.0,270.5,COMSTAT2
EDPRIM__2,0.0029433465286023974,389.0,0.0012833842168476297,153.0,271.0,EDPRIM
REGION__4,0.004757484954549751,303.0,0.0008613597452025286,241.0,272.0,REGION
PRESCR7__1,0.014607963549397196,126.0,0.00033844494176279354,418.0,272.0,PRESCR7
PRESCR3__5,0.007282346913339621,225.0,0.000618464835694472,320.0,272.5,PRESCR3
RX14V1C1__frequency,0.009822191157500937,175.0,0.00042920824557510847,371.0,273.0,RX14V1C1
PRESCR8__1,0.010542130917664094,168.0,0.0004149176889401624,379.0,273.5,PRESCR8
EDPTOR__1,0.0037338769633030733,350.0,0.0010018345395870528,200.0,275.0,EDPTOR
VMONTH__8,0.00704372444186907,230.0,0.0006070166609297027,323.0,276.5,VMONTH
INJURY_ENC__1,0.005273429381403405,286.0,0.0007707836514356689,269.0,277.5,INJURY_ENC
INJPOISAD__1,0.004705289797094281,306.0,0.0008147915242276628,250.0,278.0,INJPOISAD
CTAB__Yes,0.002784148950307319,400.0,0.0012490124395867503,160.0,280.0,CTAB
RX2V3C2__frequency,0.004365237066767946,326.0,0.0008695353084329747,237.0,281.5,RX2V3C2
MED12__frequency,0.012301084725276246,146.0,0.00033811861149347726,419.0,282.5,MED12
MHPROV__Yes,0.0018867292242585876,472.0,0.002941268365543299,96.0,284.0,MHPROV
CONTSUB8__6,0.013839175418319583,133.0,0.0003040674053281025,435.0,284.0,CONTSUB8
DRUGID13__frequency,0.011288824223832483,161.0,0.0003503487619489136,412.0,286.5,DRUGID13
ETOHAB__Yes,0.006734688532437749,242.0,0.0005802405001246278,332.0,287.0,ETOHAB
RX12V3C1__frequency,0.009116901272675948,191.0,0.0004103721819447191,383.0,287.0,RX12V3C1
GPMED1__3,0.004638209679747263,311.0,0.0007877743666214355,264.0,287.5,GPMED1
TOTCHRON__3,0.0036159149170928995,357.0,0.0009439456488303397,219.0,288.0,TOTCHRON
URINECX__Yes,0.002814630968608345,397.0,0.0010832827119304595,179.0,288.0,URINECX
REGION__3,0.002944706893856619,388.0,0.0010467224212157003,189.0,288.5,REGION
VMONTH__1,0.00337629702822162,372.0,0.000987332441066948,205.0,288.5,VMONTH
CATRIAGE__1,0.0025054303645097864,423.0,0.0012673827830399491,156.0,289.5,CATRIAGE
TOTCHRON__7,0.0027547344962108866,405.0,0.0011305406523236432,174.0,289.5,TOTCHRON
RACEUN__2,0.003024452354407181,384.0,0.001012787465039594,196.0,290.0,RACEUN
CONTSUB10__6,0.009903457757968193,174.0,0.0003610583748757595,406.0,290.0,CONTSUB10
DRUGID15__frequency,0.01175836936233865,154.0,0.0003303869608984506,426.0,290.0,DRUGID15
MSA__2,0.003118713378787552,381.0,0.000987915021910712,204.0,292.5,MSA
AGER__1,0.005016471696185798,292.0,0.0006809619530432159,294.0,293.0,AGER
RX9V3C1__frequency,0.005279590541721779,285.0,0.0006660026990539594,302.0,293.5,RX9V3C1
RX6CAT2__frequency,0.00704169183753911,231.0,0.0004722418608841966,356.0,293.5,RX6CAT2
RACEUN__Missing,0.0036130931148565804,358.0,0.0008858390850521066,233.0,295.5,RACEUN
OTHCX__Yes,0.009258130664081765,188.0,0.0003717691374340567,403.0,295.5,OTHCX
RX10V3C1__frequency,0.0097915493867613,176.0,0.0003393379578355744,417.0,296.5,RX10V3C1
ALZHD__Yes,0.004937412670140473,295.0,0.0006707232836947746,298.0,296.5,ALZHD
RX15V2C1__frequency,0.010763688639403357,167.0,0.00032996623706871487,427.0,297.0,RX15V2C1
OTHPROC__Yes,0.004485475386158511,318.0,0.0007440019461316632,276.0,297.0,OTHPROC
RX6V2C2__frequency,0.006840393977722181,237.0,0.00046980676921594443,357.0,297.0,RX6V2C2
PRESCR9__1,0.012825879794797324,141.0,0.0002607244076471102,455.0,298.0,PRESCR9
RX14CAT1__frequency,0.008606197946195326,197.0,0.00037416724997241984,400.0,298.5,RX14CAT1
MRICONTRAST__2,0.004541172622772427,315.0,0.0007222591047767145,282.0,298.5,MRICONTRAST
PRESCR6__5,0.007892686284153738,210.0,0.00040159367202238154,388.0,299.0,PRESCR6
RX13V2C1__frequency,0.005972686085360834,261.0,0.0005374570404906668,340.0,300.5,RX13V2C1
VDAYR__5,0.0036224878005721717,355.0,0.0008238741828167432,247.0,301.0,VDAYR
COMSTAT1__Missing,0.006073092468913632,259.0,0.0005234593309119066,343.0,301.0,COMSTAT1
GPMED8__2,0.002666946987351926,413.0,0.0010282253232331486,191.0,302.0,GPMED8
MED15__frequency,0.015658100066923586,114.0,0.00020417066934358955,493.0,303.5,MED15
PRESCR10__1,0.014621367474795033,125.0,0.0002171863500873395,483.0,304.0,PRESCR10
VDAYR__6,0.0034104529955418794,370.0,0.000864253590296566,239.0,304.5,VDAYR
TOTPROC__2,0.0041022945275253075,332.0,0.0007436153142142484,277.0,304.5,TOTPROC
CONTSUB12__6,0.00813726023595751,206.0,0.00036823151938118574,404.0,305.0,CONTSUB12
RX7CAT2__frequency,0.005204089100164788,288.0,0.0006093248858369064,322.0,305.0,RX7CAT2
TOTCHRON__1,0.0030948971980253592,382.0,0.00092236979056443,230.0,306.0,TOTCHRON
OSTPRSIS__Yes,0.007299713077526526,224.0,0.000390815717927549,392.0,308.0,OSTPRSIS
BPDIAS,0.0,601.0,0.0087934456486565,16.0,308.5,BPDIAS
RX2V1C2__frequency,0.0020924208623034346,456.0,0.0012383317446160098,162.0,309.0,RX2V1C2
RX14V2C1__frequency,0.006542341952587183,248.0,0.00041986871620122094,377.0,312.5,RX14V2C1
COMSTAT11__1,0.009590571448760299,180.0,0.00028149718224910016,445.0,312.5,COMSTAT11
PULSE,0.0,601.0,0.0067030958450856526,25.0,313.0,PULSE
RX13V3C1__frequency,0.009337652123028173,185.0,0.0002934287197498297,442.0,313.5,RX13V3C1
TOTCHRON__8,0.009753050923314355,177.0,0.0002639100976438588,452.0,314.5,TOTCHRON
COMSTAT12__1,0.016094693196536447,112.0,0.00016678121165260027,519.0,315.5,COMSTAT12
FLUTEST__Yes,0.002114240170050463,454.0,0.00109317827164538,177.0,315.5,FLUTEST
CONTSUB15__6,0.009350490274062206,184.0,0.0002703202742254393,448.0,316.0,CONTSUB15
REGION__1,0.0019146708149104796,467.0,0.0012135617788469682,165.0,316.0,REGION
TEMPF,0.0,601.0,0.006119150177552581,31.0,316.0,TEMPF
INCPHYS__1,0.0026552834466069264,414.0,0.0009410568002302571,222.0,318.0,INCPHYS
RX3V1C2__122,0.005360629963004904,282.0,0.0004765204485563443,354.0,318.0,RX3V1C2
NEBUTHER__Yes,0.004183745709733566,330.0,0.0006499986341848707,307.0,318.5,NEBUTHER
RACER__2,0.003725101360769534,351.0,0.0007056058974868945,287.0,319.0,RACER
GPMED12__1,0.006631900244801869,246.0,0.0003846351082997368,395.0,320.5,GPMED12
CAUSE2__frequency,0.0032610056242614593,375.0,0.0007870326355422062,266.0,320.5,CAUSE2
ARRTIME__frequency,0.0,601.0,0.005203538053267331,41.0,321.0,ARRTIME
GPMED13__1,0.009955569828962618,173.0,0.00023050677084945998,472.0,322.5,GPMED13
INJURY72__1,0.003024256572375039,385.0,0.0007907220001114459,262.0,323.5,INJURY72
RX11V3C1__frequency,0.004778909179115276,302.0,0.0004917125798894776,349.0,325.5,RX11V3C1
CONTSUB1__Missing,0.006714402735631397,244.0,0.0003542402900919019,410.0,327.0,CONTSUB1
RX6V3C2__frequency,0.0057233603448050285,271.0,0.0004048393279680078,386.0,328.5,RX6V3C2
HPE__Yes,0.003934524561162611,339.0,0.0006190568924046289,319.0,329.0,HPE
AGER__4,0.001928932253598914,466.0,0.0010181961489254812,195.0,330.5,AGER
DDIMER__Yes,0.003570318575473852,361.0,0.000654839817491818,304.0,332.5,DDIMER
TOTPROC__Missing,0.007174881592123095,229.0,0.0002979368661527051,439.0,334.0,TOTPROC
DRUGID14__frequency,0.008364563988087381,200.0,0.0002313076302628563,471.0,335.5,DRUGID14
RFV33D__frequency,2.780596320883788e-05,596.0,0.0036822222522563093,78.0,337.0,RFV33D
MED17__frequency,0.007207652950400822,227.0,0.0002741418891003091,447.0,337.0,MED17
FEVER_FLAG__Yes,0.007382602217609113,223.0,0.00026284296813576394,454.0,338.5,FEVER_FLAG
CONTSUB1__2,0.004290270756608594,328.0,0.0004905471969792536,351.0,339.5,CONTSUB1
SURGDAY__0,0.0027753057211810095,402.0,0.0007427477651408357,278.0,340.0,SURGDAY
RX7V2C2__frequency,0.004867388066087441,297.0,0.0004065440241525387,385.0,341.0,RX7V2C2
COMSTAT10__1,0.009645509637902228,178.0,0.0001841741443323908,507.0,342.5,COMSTAT10
VMONTH__11,0.004360903771242652,327.0,0.0004665067686727573,359.0,343.0,VMONTH
INTENT15__4,0.005431503279822669,279.0,0.0003603520941263972,409.0,344.0,INTENT15
RX17CAT1__frequency,0.006987546511032061,232.0,0.00025375676427023364,460.0,346.0,RX17CAT1
INJPOISAD__3,0.004803409491935806,301.0,0.00038787798372857696,394.0,347.5,INJPOISAD
TOTCHRON__4,0.0009039739971390404,541.0,0.0012712371926566022,155.0,348.0,TOTCHRON
EDINFO__2,0.0016640117973503177,490.0,0.0009806706618180434,209.0,349.5,EDINFO
RX15CAT1__frequency,0.006959566231247827,233.0,0.0002391863765710678,467.0,350.0,RX15CAT1
GPMED14__1,0.007822139458300459,214.0,0.00021363405879573866,488.0,351.0,GPMED14
CONTSUB13__6,0.008058950479175486,207.0,0.000198105390691062,497.0,352.0,CONTSUB13
VMONTH__4,0.001605810672104635,494.0,0.0009759670187441607,211.0,352.5,VMONTH
RX8V2C2__frequency,0.006118106352962727,257.0,0.0002669458371827775,449.0,353.0,RX8V2C2
LFT__Yes,0.0031817176193014163,378.0,0.000597049127041641,328.0,353.0,LFT
SURGDAY__Missing,0.002806006431941066,399.0,0.0006455833749278816,311.0,355.0,SURGDAY
CTOTHER__Yes,0.0024463595230341806,426.0,0.0006764894120692936,295.0,360.5,CTOTHER
VITALSD__Missing,0.0023178059832769105,437.0,0.000710246289055276,285.0,361.0,VITALSD
RFV53D__frequency,0.0,601.0,0.0018673225699503363,122.0,361.5,RFV53D
IMMEDR__1,0.002627640447603552,418.0,0.0006506922350281124,306.0,362.0,IMMEDR
DRUGID16__frequency,0.006799792206274802,239.0,0.00021413190642742747,486.0,362.5,DRUGID16
MED16__frequency,0.00896064360791815,193.0,0.00015034463156647258,532.0,362.5,MED16
MED14__frequency,0.006558638708538345,247.0,0.00022224632429240554,480.0,363.5,MED14
SEEN72__Missing,0.0018964981794236113,471.0,0.0007953276511607489,257.0,364.0,SEEN72
RX2V2C3__064,0.008185603686464038,205.0,0.0001637307108855972,524.0,364.5,RX2V2C3
ETHUN__1,0.0023454282693127215,432.0,0.0006677757563479489,299.0,365.5,ETHUN
IMBED__Missing,0.004857907951019591,298.0,0.00030888514294489166,433.0,365.5,IMBED
PRESCR12__1,0.011667289891552857,156.0,0.00010259864788028326,577.0,366.5,PRESCR12
PRESCR7__5,0.0038156075210515894,346.0,0.000390836586411868,391.0,368.5,PRESCR7
RX16V2C1__frequency,0.006882898518289604,236.0,0.00019025147001608213,503.0,369.5,RX16V2C1
IMMEDR__Missing,0.0,601.0,0.0014588089812871822,139.0,370.0,IMMEDR
RFID__1,0.0,601.0,0.0014400173220674645,140.0,370.5,RFID
DRUGID17__frequency,0.00741540424948095,221.0,0.0001667187926301347,520.0,370.5,DRUGID17
GPMED6__2,0.0,601.0,0.0014137825725706143,144.0,372.5,GPMED6
ELECTROL__Yes,0.002097404998185448,455.0,0.0006720699771453467,297.0,376.0,ELECTROL
INCSHX__1,0.0,601.0,0.0013198104745198278,151.0,376.0,INCSHX
SEX__2,0.0,601.0,0.0012733693791247439,154.0,377.5,SEX
RX17V2C1__frequency,0.006384100357618827,252.0,0.0001853598244842938,505.0,378.5,RX17V2C1
ABG__Yes,0.0016714542252214137,489.0,0.0007719967219161657,268.0,378.5,ABG
TOTCHRON__5,0.0,601.0,0.0012651656139647794,157.0,379.0,TOTCHRON
COMSTAT16__1,0.007945636654064892,209.0,0.00013561479794284778,549.0,379.0,COMSTAT16
COMSTAT13__1,0.0102820239349668,170.0,8.880633241990931e-05,589.0,379.5,COMSTAT13
FASTTRAK__2,0.0,601.0,0.0012451062886581024,161.0,381.0,FASTTRAK
DEPRN__Yes,0.0012563313056659364,520.0,0.0008330740479059878,244.0,382.0,DEPRN
EPISODE__Missing,0.0009316046383349708,539.0,0.0009318797719666748,227.0,383.0,EPISODE
RESIDNCE__Missing,0.003383750446614764,371.0,0.00038044947617788677,396.0,383.5,RESIDNCE
PELVIC__Yes,0.0025332762680181364,421.0,0.0005032309438520059,346.0,383.5,PELVIC
ZONENURS__Missing,0.0035510865470662623,362.0,0.0003608241076825394,407.0,384.5,ZONENURS
CAUSE3__frequency,0.005538718825296884,277.0,0.00020573500633396042,492.0,384.5,CAUSE3
INTENT15__1,0.00427583982201063,329.0,0.00029388462749364315,441.0,385.0,INTENT15
RACERETH__3,0.0016933232003375487,486.0,0.0007202081540368281,284.0,385.0,RACERETH
RX3V3C2__frequency,0.002633684774255407,417.0,0.00048291993636128414,353.0,385.0,RX3V3C2
GPMED3__3,0.0036793204718981176,353.0,0.0003326121679379721,422.0,387.5,GPMED3
RX1V2C3__064,0.003840069341116248,343.0,0.00031461791779705906,432.0,387.5,RX1V2C3
TACHYCARDIC_FLAG__Yes,0.0,601.0,0.0011148860929793367,175.0,388.0,TACHYCARDIC_FLAG
RX8CAT2__frequency,0.003494172268233786,367.0,0.00034505638197289586,414.0,390.5,RX8CAT2
EHRINSE__1,0.00303570104967843,383.0,0.00037905947260815335,398.0,390.5,EHRINSE
PAYPRIV__Yes,0.0,601.0,0.001070474805896846,183.0,392.0,PAYPRIV
OTHIMAGE__Yes,0.0023153052519957473,438.0,0.0004990086936241807,347.0,392.5,OTHIMAGE
CONTSUB17__6,0.006394257056088648,251.0,0.00014917127208138954,534.0,392.5,CONTSUB17
PHYSPRACTRIA__2,0.0,601.0,0.001058969615832299,186.0,393.5,PHYSPRACTRIA
RX3V1C2__115,0.005825867225610404,267.0,0.00016527257113037265,521.0,394.0,RX3V1C2
IMBED__2,0.0,601.0,0.0010569554351217818,187.0,394.0,IMBED
BEDREG__2,0.000554343766842047,572.0,0.0009440596216237773,218.0,395.0,BEDREG
TOTCHRON__2,0.0,601.0,0.0010324506084410296,190.0,395.5,TOTCHRON
ZONENURS__2,0.0,601.0,0.0010280714086196097,192.0,396.5,ZONENURS
PRESCR14__5,0.006734478862172377,243.0,0.00013149247838289407,551.0,397.0,PRESCR14
PAINSCALE__0,0.0,601.0,0.0010115863554419407,197.0,399.0,PAINSCALE
AGE_GROUP__child_2_12,0.0026220442708910774,419.0,0.00041357652548195295,380.0,399.5,AGE_GROUP
KIOSELCHK__1,0.0,601.0,0.000993059552087744,202.0,401.5,KIOSELCHK
PAYTYPER__1,0.0,601.0,0.0009910397846710532,203.0,402.0,PAYTYPER
PHYSASST__Yes,0.0003916554978806719,579.0,0.0009231869643264931,229.0,404.0,PHYSASST
CONTSUB3__4,0.003637870878965499,354.0,0.00025819363712461016,457.0,405.5,CONTSUB3
PRESCR1__Missing,0.0029963525459399953,387.0,0.0003306372727658269,425.0,406.0,PRESCR1
RX3V3C3__203,0.005074574935448828,290.0,0.00016466064399174585,523.0,406.5,RX3V3C3
RX5V1C2__040,0.006225469738632139,253.0,0.00012336120545159882,560.0,406.5,RX5V1C2
GPMED5__2,0.0,601.0,0.0009742036285355966,214.0,407.5,GPMED5
RX3CAT3__204,0.005151259607569569,289.0,0.00016065238169355153,526.0,407.5,RX3CAT3
AGER__2,0.0013005946805779711,515.0,0.0006661846923118583,300.0,407.5,AGER
RX5V1C2__122,0.0019008221443768125,470.0,0.0004920883607838301,348.0,409.0,RX5V1C2
RX16CAT1__frequency,0.0044472885845512344,321.0,0.00019487215716572977,499.0,410.0,RX16CAT1
VMONTH__5,0.0013287340776630963,513.0,0.0006483967578318661,308.0,410.5,VMONTH
PRDIAG2__Yes,0.007958388337138134,208.0,6.513828444604103e-05,614.0,411.0,PRDIAG2
CASTSPLINT__Yes,0.0028753911096832674,395.0,0.00032765726980105414,428.0,411.5,CASTSPLINT
PRESCR2__2,0.003933500550655111,340.0,0.00021687799494389908,484.0,412.0,PRESCR2
PREGTEST__Yes,0.0,601.0,0.000933472496640188,226.0,413.5,PREGTEST
CONTSUB4__2,0.0028890250463813327,394.0,0.00030628309842943514,434.0,414.0,CONTSUB4
RACER__3,0.0019942409121420646,462.0,0.0004471824384418058,367.0,414.5,RACER
COMSTAT17__1,0.005910392751651505,264.0,0.0001106836697220811,566.0,415.0,COMSTAT17
MED__No,0.0018084348938989248,479.0,0.0004894311786602316,352.0,415.5,MED
GPMED7__2,0.0005057767355807208,573.0,0.0007931308602480528,259.0,416.0,GPMED7
VMONTH__10,0.0,601.0,0.0008861471130629267,232.0,416.5,VMONTH
CONTSUB14__6,0.006887727102737884,235.0,7.860716438650006e-05,598.0,416.5,CONTSUB14
ADVTRIAG__2,0.0,601.0,0.0008785878425256918,235.0,418.0,ADVTRIAG
AGE_GROUP__infant_0_1,0.004368828037965677,325.0,0.00018143440664510795,511.0,418.0,AGE_GROUP
PRESCR8__5,0.0029048391837269705,393.0,0.0002838452217720319,444.0,418.5,PRESCR8
SUTURE__Yes,0.005641160635556863,276.0,0.00012017055480520374,562.0,419.0,SUTURE
VDAYR__3,0.0,601.0,0.0008691132456973075,238.0,419.5,VDAYR
RX16V1C1__frequency,0.0031999726106903825,376.0,0.0002455933134303708,464.0,420.0,RX16V1C1
COMSTAT14__1,0.00611970592121347,256.0,9.401400509575196e-05,585.0,420.5,COMSTAT14
EDPRIM__Missing,0.0009629202054701747,537.0,0.0006507651240377012,305.0,421.0,EDPRIM
HYPOTENSIVE_FLAG__Yes,0.0013642747008928424,509.0,0.0005798318790073823,333.0,421.0,HYPOTENSIVE_FLAG
DASHBORD__2,0.0010049729932173346,533.0,0.0006471945532459455,309.0,421.0,DASHBORD
BAC__Yes,0.0,601.0,0.0008392525944589058,243.0,422.0,BAC
PRESCR1__5,0.0,601.0,0.0008319441329571176,245.0,423.0,PRESCR1
ARREMS__Missing,0.0,601.0,0.0008228496645406467,248.0,424.5,ARREMS
DIABTYP0__Yes,0.0004483129637504746,578.0,0.000760651341454227,273.0,425.5,DIABTYP0
RACERETH__2,0.0,601.0,0.0008118269463416095,251.0,426.0,RACERETH
RX6V1C2__040,0.00464722395465933,310.0,0.00014267137097279873,542.0,426.0,RX6V1C2
ASTHMA__Yes,0.0,601.0,0.000801809118676065,252.0,426.5,ASTHMA
OTHRTEST__Yes,0.0,601.0,0.0007991897441101353,253.0,427.0,OTHRTEST
VDAYR__1,0.0,601.0,0.0007989416845949911,254.0,427.5,VDAYR
PRESCR5__5,0.0017651297886507322,482.0,0.0004272535271512767,373.0,427.5,PRESCR5
AGE_GROUP__adolescent_13_17,0.002684650438504743,411.0,0.0002799469611111523,446.0,428.5,AGE_GROUP
GPMED7__3,0.004618311892350402,313.0,0.00014056950377932563,544.0,428.5,GPMED7
CONTSUB6__4,0.005537404140557589,278.0,9.627095413591691e-05,583.0,430.5,CONTSUB6
EXPSPACE__Missing,0.0,601.0,0.0007922367766049529,261.0,431.0,EXPSPACE
OSA__Yes,0.00015312355064667216,588.0,0.0007524268943890352,275.0,431.5,OSA
PRESCR3__3,0.007412627425236629,222.0,4.785444372756307e-05,642.0,432.0,PRESCR3
RX3V1C2__218,0.005707158235203513,273.0,8.354151951762474e-05,593.0,433.0,RX3V1C2
RACERFL__Yes,0.0,601.0,0.0007856939965483957,267.0,434.0,RACERFL
CONTSUB6__7,0.007847657150543697,213.0,4.03584258301953e-05,656.0,434.5,CONTSUB6
ETHNICFL__Yes,0.0,601.0,0.0007703008280766058,270.0,435.5,ETHNICFL
PAYTYPER__Missing,0.0,601.0,0.0007629013361830566,272.0,436.5,PAYTYPER
COMSTAT5__2,0.00404432218430828,335.0,0.00014332628814228845,540.0,437.5,COMSTAT5
SURGDAY__6,0.0,601.0,0.0007537292820145612,274.0,437.5,SURGDAY
RESIDNCE__2,0.0,601.0,0.0007290348967121572,279.0,440.0,RESIDNCE
EDINFO__Missing,0.0014671953303702079,504.0,0.0004230904788268232,376.0,440.0,EDINFO
PRESCR2__5,0.0,601.0,0.0007249255788274102,280.0,440.5,PRESCR2
EMRED__2,0.0,601.0,0.000722728504861803,281.0,441.0,EMRED
INCPHYS__Missing,0.0010105972103762184,532.0,0.0004915748805973251,350.0,441.0,INCPHYS
VMONTH__7,0.0,601.0,0.0007204334365572495,283.0,442.0,VMONTH
EPISODE__2,2.28277494380702e-05,597.0,0.0007019967185737157,288.0,442.5,EPISODE
VMONTH__6,0.0,601.0,0.0007094385739687328,286.0,443.5,VMONTH
GPMED14__2,0.005323681705295513,284.0,7.533805616564175e-05,604.0,444.0,GPMED14
VDAYR__7,0.0007256120929830523,555.0,0.0005623106791964105,335.0,445.0,VDAYR
VMONTH__3,0.0,601.0,0.0006981462478152505,289.0,445.0,VMONTH
PAINSCALE__8,0.0010180881210715143,530.0,0.00046363939563891064,362.0,446.0,PAINSCALE
EXPSPACE__1,0.0,601.0,0.0006824771420039772,293.0,447.0,EXPSPACE
CONTSUB16__6,0.0039104842047616994,341.0,0.00012780688581231803,556.0,448.5,CONTSUB16
VDAYR__4,0.0,601.0,0.0006740271719377836,296.0,448.5,VDAYR
RX3V1C3__057,0.0015415178309010624,498.0,0.0003782406527408407,399.0,448.5,RX3V1C3
IMMEDR__7,0.0006053149143783187,570.0,0.0005844394545398518,331.0,450.5,IMMEDR
PAINSCALE__1,0.004120724208827253,331.0,0.0001061793290344051,570.0,450.5,PAINSCALE
PAYDK__Yes,0.0,601.0,0.0006660897137295043,301.0,451.0,PAYDK
RX6V1C2__122,0.002331932363782485,434.0,0.00023824113870909882,469.0,451.5,RX6V1C2
RFID__Missing,0.002219641187646726,443.0,0.00025210832662091073,461.0,452.0,RFID
CONTSUB2__2,0.0,601.0,0.0006555218627688924,303.0,452.0,CONTSUB2
GPMED15__1,0.0067659421174253165,241.0,3.350705117499547e-05,668.0,454.5,GPMED15
PAINSCALE__7,0.0007559249756587949,552.0,0.00046873827812520837,358.0,455.0,PAINSCALE
COVIDANTIBODY__Yes,0.0,601.0,0.0006447353649761401,312.0,456.5,COVIDANTIBODY
PRESCR13__1,0.0028676585886231454,396.0,0.00016926784161113055,518.0,457.0,PRESCR13
PAYOTH__Yes,0.0002530326863003918,584.0,0.0005856725183320591,330.0,457.0,PAYOTH
ETHIM__1,0.0,601.0,0.000633914457705662,314.0,457.5,ETHIM
SEEN72__1,0.0001095507780644045,590.0,0.0006013717186658471,326.0,458.0,SEEN72
GPMED8__3,0.0039929432161385225,336.0,9.699728621434237e-05,581.0,458.5,GPMED8
DASHBORD__Missing,0.0014360537164981313,506.0,0.0003512373954184745,411.0,458.5,DASHBORD
COMSTAT7__2,0.0038237320641267836,345.0,0.00010382507679709135,573.0,459.0,COMSTAT7
RNLPN__No,0.0,601.0,0.0006235432367319209,317.0,459.0,RNLPN
NURSEPR__Yes,0.0,601.0,0.0006215520012260524,318.0,459.5,NURSEPR
RX17V1C1__218,0.00863459757389462,196.0,1.6848243741099415e-05,723.0,459.5,RX17V1C1
PRESCR9__5,0.0029116327299782974,392.0,0.00015180149287009393,529.0,460.5,PRESCR9
PRESCR17__1,0.0034929830690633157,368.0,0.00012936397586221294,554.0,461.0,PRESCR17
VMONTH__12,0.0,601.0,0.0006171177666692153,321.0,461.0,VMONTH
POOLNURS__Missing,1.1545345472541158e-05,599.0,0.0006043765293706089,324.0,461.5,POOLNURS
SUBSTAB__Yes,0.0,601.0,0.0006022887982311473,325.0,463.0,SUBSTAB
RX5V3C2__frequency,0.0013326680806260427,512.0,0.0003417681945733012,416.0,464.0,RX5V3C2
PHYSPRACTRIA__Missing,0.0015283036011437545,499.0,0.0003196793919955443,430.0,464.5,PHYSPRACTRIA
CONTSUB4__3,0.0084084321122051,199.0,1.5551581663348814e-05,731.0,465.0,CONTSUB4
SURGDAY__7,0.0,601.0,0.0005884186989121282,329.0,465.0,SURGDAY
RX3V1C2__040,0.0023903711007837725,430.0,0.00019163183163836215,501.0,465.5,RX3V1C2
FASTTRAK__Missing,0.0009488153984140713,538.0,0.00038958145107832694,393.0,465.5,FASTTRAK
INJURY72__2,0.0020375322087473613,459.0,0.0002291555518532972,474.0,466.5,INJURY72
GPMED9__2,0.0,601.0,0.0005661924798898516,334.0,467.5,GPMED9
PRESCR11__1,0.0020313994828518034,460.0,0.00022605018798815574,477.0,468.5,PRESCR11
EDPRIM__4,0.0,601.0,0.0005563226489235609,337.0,469.0,EDPRIM
PRESCR4__5,0.0,601.0,0.0005522212923347108,338.0,469.5,PRESCR4
ADVTRIAG__Missing,0.0,601.0,0.000541741803486633,339.0,470.0,ADVTRIAG
INJPOISAD__Missing,0.0,601.0,0.0005294747998079026,341.0,471.0,INJPOISAD
PAINSCALE__10,0.0,601.0,0.0005272681854277899,342.0,471.5,PAINSCALE
RX8V1C2__040,0.003967829007907042,338.0,7.521190749473312e-05,605.0,471.5,RX8V1C2
CATRIAGE__Missing,0.00011105704772718106,589.0,0.00047519207195136537,355.0,472.0,CATRIAGE
RX8V1C2__218,0.006949168072298173,234.0,2.0274625435854517e-05,711.0,472.5,RX8V1C2
COMSTAT1__2,0.0,601.0,0.00051863690052458,344.0,472.5,COMSTAT1
RX1V2C3__430,0.003283103847944835,374.0,0.00010461364404629642,572.0,473.0,RX1V2C3
INJURY__2,0.0006915191270477905,559.0,0.00039689663545697815,389.0,474.0,INJURY
RX14V3C1__frequency,0.002247301737007934,441.0,0.00018396758969023173,508.0,474.5,RX14V3C1
PAYTYPER__7,0.0005846172497121493,571.0,0.00041734625123300784,378.0,474.5,PAYTYPER
GPMED17__1,0.005941128071162538,262.0,2.6961535116634223e-05,688.0,475.0,GPMED17
PAINSCALE__3,0.0008532410235384535,545.0,0.0003659341267586156,405.0,475.0,PAINSCALE
COMSTAT13__2,0.006211051546740842,254.0,2.4125483820521583e-05,698.0,476.0,COMSTAT13
NOCHRON__2,0.002520718498205232,422.0,0.0001508823636758995,531.0,476.5,NOCHRON
COMSTAT8__3,0.00612952419390167,255.0,2.3995496217106186e-05,699.0,477.0,COMSTAT8
COMSTAT14__3,0.005372053516595754,281.0,3.16445649721947e-05,675.0,478.0,COMSTAT14
COMSTAT2__2,8.884429196376331e-05,591.0,0.0004427010393745531,368.0,479.5,COMSTAT2
RX4V3C2__frequency,0.0,601.0,0.0004653053937949431,361.0,481.0,RX4V3C2
PAINSCALE__9,0.0,601.0,0.0004568037973093282,363.0,482.0,PAINSCALE
HHSMUE__Missing,0.0,601.0,0.0004558872571029716,364.0,482.5,HHSMUE
PAINSCALE__2,0.00206927706612392,457.0,0.00018261987212752736,509.0,483.0,PAINSCALE
PAINSCALE__5,0.001063328413606568,528.0,0.00029533360665438135,440.0,484.0,PAINSCALE
RX6V1C2__133,0.005664477082508279,274.0,2.4632101529971127e-05,694.0,484.0,RX6V1C2
PRDIAG1__Missing,0.0027635770162319773,403.0,0.00011185797534287303,565.0,484.0,PRDIAG1
RX3V3C3__197,0.001974734437033776,464.0,0.0001849860045386725,506.0,485.0,RX3V3C3
INJURY__Missing,0.0,601.0,0.00043675377563033276,369.0,485.0,INJURY
INJPOISAD__5,0.0006689141329545567,565.0,0.0003605178321204648,408.0,486.5,INJPOISAD
PRESCR12__5,0.002915854048048949,391.0,9.55192260309402e-05,584.0,487.5,PRESCR12
DIAGSCRN__2,0.0,601.0,0.0004268134021027926,374.0,487.5,DIAGSCRN
COMSTAT3__2,0.0012664402596374025,519.0,0.0002567925908988881,458.0,488.5,COMSTAT3
RX3V2C3__064,0.0017447915011450377,483.0,0.00019660618994320786,498.0,490.5,RX3V2C3
EDPRIM__3,0.0,601.0,0.00041195030973459454,381.0,491.0,EDPRIM
VMONTH__9,0.0,601.0,0.000410645348934418,382.0,491.5,VMONTH
RX3V1C3__113,0.0044671593620904115,319.0,3.597319011988344e-05,664.0,491.5,RX3V1C3
CONTSUB4__5,0.0036204562627006887,356.0,5.607532079034827e-05,628.0,492.0,CONTSUB4
EMRED__Missing,0.0,601.0,0.00040754694359454793,384.0,492.5,EMRED
CONTSUB3__2,0.0008540034422406251,544.0,0.0002920948073469448,443.0,493.5,CONTSUB3
EDPTOR__Missing,0.0,601.0,0.0004042359275358735,387.0,494.0,EDPTOR
RX5V1C2__081,0.0023763131067338072,431.0,0.00011939089354232831,563.0,497.0,RX5V1C2
IMMEDR__0,0.0012412942402595384,521.0,0.00021859118361965967,482.0,501.5,IMMEDR
RX17V1C1__133,0.003879705710992498,342.0,3.846043131434152e-05,661.0,501.5,RX17V1C1
HIVTEST__Yes,0.0,601.0,0.0003739922668617718,402.0,501.5,HIVTEST
RX6V1C2__115,0.003514504282990938,365.0,4.8849216140815186e-05,640.0,502.5,RX6V1C2
RX6V1C2__097,0.004875209291666627,296.0,2.0441315335472015e-05,709.0,502.5,RX6V1C2
RX1V3C3__203,0.0018383924061691204,477.0,0.0001511367203228514,530.0,503.5,RX1V3C3
PRESCR14__1,0.0035238094264440356,364.0,4.600961819695913e-05,646.0,505.0,PRESCR14
BLADCATH__Yes,3.6928690219095728e-06,600.0,0.0003487395626386593,413.0,506.5,BLADCATH
COMSTAT9__3,0.005795472489638298,269.0,1.2154883084975234e-05,746.0,507.5,COMSTAT9
CONTSUB2__7,0.002332115946518165,433.0,9.661671414979522e-05,582.0,507.5,CONTSUB2
RESIDNCE__4,0.0,601.0,0.0003449373609852975,415.0,508.0,RESIDNCE
COMSTAT4__3,0.0027286216630715288,409.0,7.213810955849079e-05,607.0,508.0,COMSTAT4
COMSTAT6__2,0.0019809788613873724,463.0,0.0001287045391453484,555.0,509.0,COMSTAT6
RESIDNCE__3,0.0006125822544194026,568.0,0.00026583333064415446,451.0,509.5,RESIDNCE
RX1V2C3__433,0.004636674491592441,312.0,2.1283482431776672e-05,708.0,510.0,RX1V2C3
CONTSUB1__4,0.0,601.0,0.0003369316795161727,420.0,510.5,CONTSUB1
GPMED16__1,0.0038343244945018284,344.0,3.140569134736042e-05,677.0,510.5,GPMED16
RX3V1C2__001,0.002935856132339376,390.0,5.448548324433801e-05,631.0,510.5,RX3V1C2
PAINSCALE__6,0.0,601.0,0.00033547281510629053,421.0,511.0,PAINSCALE
PROC__2,0.0,601.0,0.0003316625284796094,423.0,512.0,PROC
CONTSUB7__2,0.0015464288004582993,497.0,0.00015352327794193013,528.0,512.5,CONTSUB7
RX8V1C2__001,0.0035007875842083536,366.0,3.924590144715393e-05,659.0,512.5,RX8V1C2
EHRINSE__Missing,0.0,601.0,0.00033106461100283936,424.0,512.5,EHRINSE
CONTSUB13__2,0.004688274694648609,307.0,1.7052293370242696e-05,719.0,513.0,CONTSUB13
GPMED10__2,0.0007360207470568092,554.0,0.0002297297085906154,473.0,513.5,GPMED10
COMSTAT15__1,0.001507791855968943,503.0,0.00016102724522032687,525.0,514.0,COMSTAT15
RX5V1C2__115,0.0,601.0,0.0003231803601658764,429.0,515.0,RX5V1C2
RX1V1C3__057,0.0012906610764258364,517.0,0.00017094818268272038,514.0,515.5,RX1V1C3
RACERETH__4,0.0,601.0,0.0003195965127366798,431.0,516.0,RACERETH
PRESCR8__3,0.004735925154164988,304.0,1.5948205604333093e-05,730.0,517.0,PRESCR8
PRESCR13__5,0.002728824620853443,408.0,5.72419188293778e-05,627.0,517.5,PRESCR13
CONTSUB8__2,0.0025369996918214177,420.0,6.465363335477514e-05,616.0,518.0,CONTSUB8
COMSTAT12__2,0.0032849939422665564,373.0,3.7316792939991045e-05,663.0,518.0,COMSTAT12
RX4V1C2__122,0.0,601.0,0.0003033565286277317,436.0,518.5,RX4V1C2
INJURY72__3,0.0,601.0,0.000300103880636951,437.0,519.0,INJURY72
RACEUN__3,0.0,601.0,0.0002982410552748216,438.0,519.5,RACEUN
RX4V1C2__087,0.005842511149903418,265.0,4.36634064380813e-06,778.0,521.5,RX4V1C2
RX2V3C3__203,0.0007125491274029283,556.0,0.00021242186528899133,489.0,522.5,RX2V3C3
RX17V1C1__057,0.002762960299930617,404.0,4.843474294370842e-05,641.0,522.5,RX17V1C1
GPMED16__2,0.0024792915407922944,424.0,6.089782987973352e-05,623.0,523.5,GPMED16
RX3V1C2__057,0.0006724173039158732,563.0,0.00021656091670477798,485.0,524.0,RX3V1C2
INJURY_ENC__2,0.0,601.0,0.0002667839423738147,450.0,525.5,INJURY_ENC
TOTPROC__3,0.0006849902086871751,561.0,0.00021028910049358473,491.0,526.0,TOTPROC
RX2V2C3__433,0.0013927311171306744,507.0,0.00013941805217383818,545.0,526.0,RX2V2C3
RX17V1C1__122,0.0026486944592005734,415.0,4.9497524245636984e-05,638.0,526.5,RX17V1C1
RX1CAT3__203,0.0,601.0,0.00026305497643194754,453.0,527.0,RX1CAT3
PRESCR9__2,0.0022359280842836338,442.0,6.75821933684217e-05,612.0,527.0,PRESCR9
INJPOISAD__2,0.0021977242539328312,446.0,7.132365587935512e-05,610.0,528.0,INJPOISAD
INCSHX__Missing,0.00024562038122644125,586.0,0.0002315024662467873,470.0,528.0,INCSHX
RX2V2C3__265,0.0057200934985186525,272.0,0.0,785.0,528.5,RX2V2C3
PRESCR11__5,0.0007052532282749713,557.0,0.000194651461677966,500.0,528.5,PRESCR11
WIRELESS__Missing,0.0,601.0,0.0002583278027783419,456.0,528.5,WIRELESS
PRESCR14__2,0.0037234754639465795,352.0,2.246819610770955e-05,705.0,528.5,PRESCR14
CONTSUB16__4,0.002325519860894465,436.0,6.0958657108848164e-05,622.0,529.0,CONTSUB16
PAYTYPER__5,8.243408128616458e-05,592.0,0.00023913340279070036,468.0,530.0,PAYTYPER
PAINSCALE__4,0.0,601.0,0.0002565120750306092,459.0,530.0,PAINSCALE
PAYSELF__Yes,0.0,601.0,0.0002481188565581836,462.0,531.5,PAYSELF
KIOSELCHK__Missing,0.0,601.0,0.00024710976958671106,463.0,532.0,KIOSELCHK
RX4V1C2__358,0.005398735546632505,280.0,0.0,785.0,532.5,RX4V1C2
TRTCX__Yes,0.00048058835584652293,575.0,0.0002113774923062008,490.0,532.5,TRTCX
RX7V1C2__087,0.005016018496271757,293.0,4.85100273936764e-06,773.0,533.0,RX7V1C2
COMSTAT10__2,0.002296946202942074,440.0,5.86167523818379e-05,626.0,533.0,COMSTAT10
SURGDAY__4,0.0,601.0,0.00024386951088363668,465.0,533.0,SURGDAY
CONTSUB2__4,0.0,601.0,0.00024202807444646641,466.0,533.5,CONTSUB2
CONTSUB11__4,0.0030129942254877307,386.0,2.870949492022103e-05,684.0,535.0,CONTSUB11
COMSTAT4__2,6.808070915487185e-05,594.0,0.0002223572992642626,479.0,536.5,COMSTAT4
CONTSUB11__5,0.004502463847469329,317.0,8.608197840825914e-06,757.0,537.0,CONTSUB11
TOTCHRON__9,0.0,601.0,0.00022717221944010328,475.0,538.0,TOTCHRON
RX2V1C3__057,0.0,601.0,0.00022701320612308906,476.0,538.5,RX2V1C3
BEDREG__Missing,0.0,601.0,0.000223122963548057,478.0,539.5,BEDREG
RX2V2C3__065,0.0006312982505731757,567.0,0.00017139673539061712,513.0,540.0,RX2V2C3
RX7V1C2__133,0.004535442296228709,316.0,5.420079415922298e-06,765.0,540.5,RX7V1C2
CONTSUB5__2,0.0,601.0,0.0002220160438615632,481.0,541.0,CONTSUB5
PRESCR16__1,0.001869254397508735,473.0,7.062250575471544e-05,611.0,542.0,PRESCR16
GPMED15__2,0.0007646903208751166,550.0,0.0001463959607828847,537.0,543.5,GPMED15
RX3CAT3__203,0.0,601.0,0.00021371107000248395,487.0,544.0,RX3CAT3
PRESCR15__1,0.0015187518808814637,501.0,8.909389387238938e-05,588.0,544.5,PRESCR15
RX8V1C2__242,0.004705582704949807,305.0,0.0,785.0,545.0,RX8V1C2
CONTSUB1__3,0.0020670216219120796,458.0,5.215739033400127e-05,635.0,546.5,CONTSUB1
RX1CAT3__185,0.004655451827628054,308.0,0.0,785.0,546.5,RX1CAT3
CONTSUB5__7,0.0034830472984459515,369.0,1.6844332153799928e-05,725.0,547.0,CONTSUB5
RX7V1C2__122,0.0,601.0,0.000201214882163828,494.0,547.5,RX7V1C2
PRESCR10__5,0.0008419012480436194,546.0,0.0001330089360006701,550.0,548.0,PRESCR10
RX2CAT3__204,0.0,601.0,0.000200093977124419,495.0,548.0,RX2CAT3
PRESCR3__2,0.0,601.0,0.00019881741176817588,496.0,548.5,PRESCR3
RX1V2C3__065,0.0018365015082855152,478.0,6.272061007735214e-05,620.0,549.0,RX1V2C3
CONTSUB7__4,0.0008622064563090781,542.0,0.00012364615615073705,559.0,550.5,CONTSUB7
CONTSUB13__4,0.003814540160899549,347.0,8.845555453394354e-06,755.0,551.0,CONTSUB13
RX3V1C2__081,0.0,601.0,0.00019151434551502783,502.0,551.5,RX3V1C2
RX1CAT3__270,0.004454866891582476,320.0,0.0,785.0,552.5,RX1CAT3
GPMED5__3,0.0006814577683633694,562.0,0.0001407258696584863,543.0,552.5,GPMED5
GPMED4__3,0.0,601.0,0.00018904912472288867,504.0,552.5,GPMED4
RX2V1C3__040,0.000854893893378561,543.0,0.00011603961654103289,564.0,553.5,RX2V1C3
CONTSUB2__5,0.004443240706945462,323.0,0.0,785.0,554.0,CONTSUB2
COMSTAT11__3,0.004389352615746134,324.0,0.0,785.0,554.5,COMSTAT11
RX1CAT3__197,0.0010041043979607256,534.0,0.00010341834855093448,575.0,554.5,RX1CAT3
RX3V1C2__105,0.0,601.0,0.0001823852280880423,510.0,555.5,RX3V1C2
CONTSUB4__8,0.00158081314318137,495.0,6.393622481263276e-05,617.0,556.0,CONTSUB4
RX4V1C2__001,0.001912454803924435,469.0,4.657920011204778e-05,644.0,556.5,RX4V1C2
GPMED12__2,0.0,601.0,0.00017721687171387286,512.0,556.5,GPMED12
PRESCR15__5,0.0016631527093298182,491.0,5.905789269003851e-05,625.0,558.0,PRESCR15
RX4V1C2__057,0.0,601.0,0.00017086292705117433,515.0,558.0,RX4V1C2
GPMED11__2,0.0,601.0,0.00017022735238808346,516.0,558.5,GPMED11
GPMED6__3,0.0,601.0,0.00017021677804342984,517.0,559.0,GPMED6
CONTSUB11__8,0.004045187697722996,334.0,0.0,785.0,559.5,CONTSUB11
RX3CAT3__197,0.0,601.0,0.00016506885416402934,522.0,561.5,RX3CAT3
MRICONTRAST__1,0.0,601.0,0.0001566273222596131,527.0,564.0,MRICONTRAST
RX8V1C2__113,0.003194369467232727,377.0,9.624457820513865e-06,753.0,565.0,RX8V1C2
CONTSUB10__4,0.002140036484442609,452.0,2.9987445065084206e-05,681.0,566.5,CONTSUB10
CONTSUB1__8,0.00377362300198425,348.0,0.0,785.0,566.5,CONTSUB1
RX2V3C3__204,0.0008297455268484466,547.0,9.327686136728493e-05,586.0,566.5,RX2V3C3
PRESCR7__2,0.0,601.0,0.00014976853110648032,533.0,567.0,PRESCR7
RX3V2C3__065,0.0,601.0,0.00014836418115325738,535.0,568.0,RX3V2C3
RX1CAT3__433,0.0019136401002908254,468.0,3.3292304588407995e-05,669.0,568.5,RX1CAT3
CONTSUB4__4,0.0,601.0,0.00014810112615809893,536.0,568.5,CONTSUB4
COMSTAT14__2,0.0015107513665990613,502.0,5.2054822019326116e-05,636.0,569.0,COMSTAT14
EHRINSE__3,0.0,601.0,0.00014577143655678673,538.0,569.5,EHRINSE
RX2CAT3__203,0.0,601.0,0.00014358294450505623,539.0,570.0,RX2CAT3
RX4V1C2__133,0.002455930524475347,425.0,1.821012129022947e-05,716.0,570.5,RX4V1C2
RX2CAT3__433,0.0016180854434977299,493.0,4.3236311914485794e-05,648.0,570.5,RX2CAT3
PRESCR1__2,0.0,601.0,0.0001428081353700601,541.0,571.0,PRESCR1
CONTSUB6__5,0.0035884852015193314,359.0,0.0,785.0,572.0,CONTSUB6
TOTCHRON__Missing,0.0,601.0,0.0001380560095543686,546.0,573.5,TOTCHRON
RX7V1C2__115,0.001276864244674103,518.0,5.589612631083847e-05,630.0,574.0,RX7V1C2
RX8V1C2__122,0.0,601.0,0.0001370826176604538,547.0,574.0,RX8V1C2
RX4V1C2__081,0.0,601.0,0.00013704858892008495,548.0,574.5,RX4V1C2
IMMEDR__5,0.00045482665525087285,577.0,0.00010372341874008366,574.0,575.5,IMMEDR
GPMED10__3,0.0017842156320002633,480.0,3.2820010020189025e-05,672.0,576.0,GPMED10
CONTSUB5__4,0.0,601.0,0.00013122621109051052,552.0,576.5,CONTSUB5
SURGDAY__3,0.0,601.0,0.0001300585919690964,553.0,577.0,SURGDAY
RX1CAT3__430,1.3474710876204554e-05,598.0,0.00012534835828895065,558.0,578.0,RX1CAT3
RX2V3C3__197,0.0,601.0,0.0001264015938101871,557.0,579.0,RX2V3C3
PRDIAG5__Yes,0.0010962624025971923,526.0,5.3996149448971125e-05,634.0,580.0,PRDIAG5
RX3V3C3__204,0.0,601.0,0.00012024364856628192,561.0,581.0,RX3V3C3
RX17V1C1__001,0.0031496077920878385,379.0,0.0,785.0,582.0,RX17V1C1
RX2V1C3__331,0.0031297623928383533,380.0,0.0,785.0,582.5,RX2V1C3
RX8V1C2__097,0.002811521475460488,398.0,5.007486265830749e-06,770.0,584.0,RX8V1C2
RX7V1C2__057,0.0,601.0,0.00011008603992175038,567.0,584.0,RX7V1C2
RX4V1C2__040,0.0,601.0,0.00010732430330750198,568.0,584.5,RX4V1C2
RX1V1C3__040,0.0,601.0,0.00010727677283782456,569.0,585.0,RX1V1C3
TOTCHRON__11,0.0017821124114165698,481.0,2.59890863119796e-05,690.0,585.5,TOTCHRON
COMSTAT1__3,0.0,601.0,0.00010524116352262296,571.0,586.0,COMSTAT1
RX6V1C2__081,0.0010755105227875372,527.0,4.429231273854084e-05,647.0,587.0,RX6V1C2
RX2CAT3__197,0.0,601.0,0.00010282172466996795,576.0,588.5,RX2CAT3
COMSTAT3__3,0.0017316319441766925,484.0,2.5295575977608745e-05,693.0,588.5,COMSTAT3
RX3CAT3__265,0.0020119276570433886,461.0,1.7181828941049544e-05,717.0,589.0,RX3CAT3
CONTSUB4__7,0.0007029674118268492,558.0,6.171732747146582e-05,621.0,589.5,CONTSUB4
PRESCR4__2,0.0,601.0,0.0001010182483632166,578.0,589.5,PRESCR4
GPMED9__3,0.0,601.0,9.740986195188312e-05,579.0,590.0,GPMED9
CONTSUB5__8,0.0011206112009320979,523.0,4.008500674551368e-05,657.0,590.0,CONTSUB5
SURGDAY__1,0.0,601.0,9.703290511267782e-05,580.0,590.5,SURGDAY
COMSTAT16__3,0.0022074220430405855,445.0,1.3621251502722545e-05,738.0,591.5,COMSTAT16
RX6V1C2__218,0.002781343537240577,401.0,0.0,785.0,593.0,RX6V1C2
PRESCR15__2,0.001555070010489823,496.0,2.5861482459506277e-05,691.0,593.5,PRESCR15
PRESCR12__2,0.0009828171666095287,536.0,4.2536523044797246e-05,651.0,593.5,PRESCR12
RX5V1C2__057,0.0,601.0,9.201230895059583e-05,587.0,594.0,RX5V1C2
TOTPROC__4,0.0,601.0,8.483632269176823e-05,590.0,595.5,TOTPROC
RX6V1C2__057,0.0,601.0,8.437498287157986e-05,591.0,596.0,RX6V1C2
RX8V1C2__105,0.002186254783586028,449.0,1.3023086711474937e-05,743.0,596.0,RX8V1C2
COMSTAT10__3,0.002740284792665193,407.0,0.0,785.0,596.0,COMSTAT10
COMSTAT2__3,0.0,601.0,8.409627309239314e-05,592.0,596.5,COMSTAT2
RX1V3C3__204,0.0010493938295450533,529.0,3.5172561830417565e-05,665.0,597.0,RX1V3C3
RX4V1C2__115,0.0,601.0,8.291899352350089e-05,594.0,597.5,RX4V1C2
CONTSUB12__2,0.0010968183419144406,524.0,3.308785373309174e-05,671.0,597.5,CONTSUB12
CONTSUB6__3,0.0027202346330281735,410.0,0.0,785.0,597.5,CONTSUB6
SKINADH__Yes,0.0,601.0,8.221866325559413e-05,595.0,598.0,SKINADH
PRESCR2__3,0.0,601.0,8.210605161302824e-05,596.0,598.5,PRESCR2
CONTSUB10__1,0.002673251349736061,412.0,0.0,785.0,598.5,CONTSUB10
PRESCR6__2,0.0,601.0,8.053549870275651e-05,597.0,599.0,PRESCR6
COMSTAT9__2,0.0,601.0,7.656725362100854e-05,599.0,600.0,COMSTAT9
GPMED13__2,0.0,601.0,7.589401041340948e-05,600.0,600.5,GPMED13
CONTSUB9__4,0.0,601.0,7.571529863786393e-05,601.0,601.0,CONTSUB9
GPMED15__3,0.002328480291810431,435.0,5.213761949123975e-06,767.0,601.0,GPMED15
CONTSUB6__2,0.0,601.0,7.55403995327697e-05,602.0,601.5,CONTSUB6
RX17V1C1__040,0.0011954231989539377,522.0,2.9511641017332706e-05,682.0,602.0,RX17V1C1
RACEUN__5,0.0,601.0,7.534275098633509e-05,603.0,602.0,RACEUN
RX7V1C2__040,0.0,601.0,7.253230924014028e-05,606.0,603.5,RX7V1C2
RX17V1C1__358,0.0,601.0,7.166005968325823e-05,608.0,604.5,RX17V1C1
PRESCR4__3,0.0,601.0,7.133169283374204e-05,609.0,605.0,PRESCR4
CONTSUB12__4,0.0006118545721354174,569.0,4.6621371017428416e-05,643.0,606.0,CONTSUB12
RX2CAT3__265,0.00241979758161337,427.0,0.0,785.0,606.0,RX2CAT3
RX3V1C2__358,0.002416086765739678,428.0,2.600268116228545e-06,784.0,606.0,RX3V1C2
RX7V1C2__358,0.0021876358480075186,448.0,5.378787948383894e-06,766.0,607.0,RX7V1C2
RX2V3C3__185,0.0024104942140183994,429.0,0.0,785.0,607.0,RX2V3C3
HHSMUE__2,0.0,601.0,6.737066963030234e-05,613.0,607.0,HHSMUE
PRESCR1__3,0.0,601.0,6.466144586823813e-05,615.0,608.0,PRESCR1
RX3V1C3__040,0.0010106916424035273,531.0,2.8194711820712614e-05,685.0,608.0,RX3V1C3
INJURY_ENC__4,0.0006705812753495799,564.0,4.1319572156304237e-05,653.0,608.5,INJURY_ENC
RX4V1C2__218,0.0,601.0,6.34112013899689e-05,618.0,609.5,RX4V1C2
GPMED14__3,0.0016728660722711286,488.0,1.484788320730326e-05,732.0,610.0,GPMED14
RX7V1C2__001,0.0,601.0,6.326598846672377e-05,619.0,610.0,RX7V1C2
CONTSUB13__7,0.0023135917921066618,439.0,0.0,785.0,612.0,CONTSUB13
CONTSUB1__7,0.0,601.0,6.036545574751798e-05,624.0,612.5,CONTSUB1
RX4V1C2__254,0.0013898347430754132,508.0,1.703796929797669e-05,720.0,614.0,RX4V1C2
RX5V1C2__105,0.0022150055149419146,444.0,0.0,785.0,614.5,RX5V1C2
RACEUN__6,0.0,601.0,5.602077279723151e-05,629.0,615.0,RACEUN
COMSTAT8__2,0.0,601.0,5.4168528293479526e-05,632.0,616.5,COMSTAT8
CONTSUB9__3,0.0,601.0,5.4064899230910724e-05,633.0,617.0,CONTSUB9
RX5V1C2__242,0.0017127367548079864,485.0,1.0563580287067814e-05,750.0,617.5,RX5V1C2
INJURY_ENC__5,0.0021764965435007166,450.0,0.0,785.0,617.5,INJURY_ENC
RX2V3C3__374,0.0021629445598538855,451.0,0.0,785.0,618.0,RX2V3C3
RX17V1C1__081,0.0021183904118580177,453.0,0.0,785.0,619.0,RX17V1C1
RX3V2C3__433,0.0,601.0,5.022108829203406e-05,637.0,619.0,RX3V2C3
TOTPROC__5,0.0,601.0,4.893702070413292e-05,639.0,620.0,TOTPROC
PRESCR11__2,0.0004829590687420726,574.0,3.5089146435346165e-05,666.0,620.0,PRESCR11
GPMED11__3,0.0002762170018582033,581.0,3.8518406352443975e-05,660.0,620.5,GPMED11
CONTSUB15__7,0.0015249841095894556,500.0,1.2517929536476954e-05,745.0,622.5,CONTSUB15
RX5V1C2__001,0.0,601.0,4.6567166695732985e-05,645.0,623.0,RX5V1C2
CONTSUB8__8,0.0018461575330093183,476.0,4.967914464886062e-06,771.0,623.5,CONTSUB8
PAYTYPER__4,0.0,601.0,4.318846930774838e-05,649.0,625.0,PAYTYPER
PRESCR14__3,0.0019715646354661054,465.0,0.0,785.0,625.0,PRESCR14
RX6V1C2__242,0.0,601.0,4.3024194505970554e-05,650.0,625.5,RX6V1C2
PRESCR16__5,0.0,601.0,4.1765362443685874e-05,652.0,626.5,PRESCR16
COMSTAT6__3,0.0010967542358482074,525.0,1.604793620181955e-05,728.0,626.5,COMSTAT6
RX6V1C2__358,0.0,601.0,4.124380487406129e-05,654.0,627.5,RX6V1C2
RX3V1C2__087,0.0,601.0,4.0992352625670705e-05,655.0,628.0,RX3V1C2
CONTSUB14__7,0.0018652778274659276,474.0,0.0,785.0,629.5,CONTSUB14
RX1CAT3__204,0.0,601.0,3.9875696302181874e-05,658.0,629.5,RX1CAT3
CONTSUB7__8,0.0018556561401303906,475.0,0.0,785.0,630.0,CONTSUB7
PRDIAG1__Yes,0.0,601.0,3.785586160572958e-05,662.0,631.5,PRDIAG1
RX7V1C2__081,0.0,601.0,3.447143466457391e-05,667.0,634.0,RX7V1C2
CONTSUB13__5,0.001340768515133428,510.0,8.153017984743158e-06,760.0,635.0,CONTSUB13
CONTSUB9__2,0.0,601.0,3.326710932932375e-05,670.0,635.5,CONTSUB9
CONTSUB3__3,0.001677238243112722,487.0,0.0,785.0,636.0,CONTSUB3
PRDIAG3__Yes,0.0006864118059608515,560.0,1.9174897141987205e-05,714.0,637.0,PRDIAG3
RX1V3C3__197,0.0,601.0,3.255547481887016e-05,673.0,637.0,RX1V3C3
PRESCR13__2,0.0,601.0,3.228997626714926e-05,674.0,637.5,PRESCR13
PRESCR5__2,0.0,601.0,3.152494622160609e-05,676.0,638.5,PRESCR5
RX1V1C3__105,0.0016345720492350058,492.0,0.0,785.0,638.5,RX1V1C3
GPMED17__2,0.0,601.0,3.122673081118582e-05,678.0,639.5,GPMED17
PRESCR8__2,0.0,601.0,3.083476702868205e-05,679.0,640.0,PRESCR8
PRESCR6__3,0.0,601.0,3.0075499456872185e-05,680.0,640.5,PRESCR6
CONTSUB12__5,0.0009980570378660403,535.0,1.0779610851310843e-05,748.0,641.5,CONTSUB12
RX3V1C2__097,0.0,601.0,2.9166938743301573e-05,683.0,642.0,RX3V1C2
COMSTAT11__2,0.0006314269845657527,566.0,1.7080032147814595e-05,718.0,642.0,COMSTAT11
RACEUN__4,0.0,601.0,2.7400118647944956e-05,686.0,643.5,RACEUN
PRESCR16__2,0.0,601.0,2.6967990165582862e-05,687.0,644.0,PRESCR16
CONTSUB9__7,0.00145435658742743,505.0,0.0,785.0,645.0,CONTSUB9
COMSTAT16__2,0.001339072718692158,511.0,4.265389661970165e-06,779.0,645.0,COMSTAT16
RX17V1C1__087,0.0,601.0,2.6516340592503787e-05,689.0,645.0,RX17V1C1
CONTSUB3__7,0.0,601.0,2.5542162010308124e-05,692.0,646.5,CONTSUB3
CONTSUB11__2,0.0,601.0,2.434069597134594e-05,695.0,648.0,CONTSUB11
RX8V1C2__133,0.0,601.0,2.429894389701844e-05,696.0,648.5,RX8V1C2
CONTSUB15__2,0.0007643284201765965,551.0,1.167055099261134e-05,747.0,649.0,CONTSUB15
RX8V1C2__057,0.0,601.0,2.419048381432423e-05,697.0,649.0,RX8V1C2
RX17V1C1__105,0.0013252900180535931,514.0,0.0,785.0,649.5,RX17V1C1
RX8V1C2__115,0.0,601.0,2.3839136047164735e-05,700.0,650.5,RX8V1C2
PRESCR17__3,0.0012995710231036295,516.0,0.0,785.0,650.5,PRESCR17
RX17V1C1__097,0.0,601.0,2.37535410374925e-05,701.0,651.0,RX17V1C1
RX17V1C1__115,0.0,601.0,2.3618421513584795e-05,702.0,651.5,RX17V1C1
RX6V1C2__001,0.0,601.0,2.3115234550576913e-05,703.0,652.0,RX6V1C2
RX5V1C2__097,0.0,601.0,2.310001905403595e-05,704.0,652.5,RX5V1C2
CONTSUB10__2,0.0,601.0,2.224437930906268e-05,706.0,653.5,CONTSUB10
RX5V1C2__218,0.0,601.0,2.1350275748538245e-05,707.0,654.0,RX5V1C2
RX8V1C2__081,0.0,601.0,2.034164657431168e-05,710.0,655.5,RX8V1C2
RX3V1C2__133,0.0,601.0,2.0231019824588033e-05,712.0,656.5,RX3V1C2
PRESCR17__5,0.0,601.0,1.9461349031973583e-05,713.0,657.0,PRESCR17
TOTCHRON__10,0.0,601.0,1.8562086726471534e-05,715.0,658.0,TOTCHRON
COMSTAT15__2,0.0003249232418296444,580.0,1.3722743986966028e-05,736.0,658.0,COMSTAT15
CONTSUB8__4,0.0,601.0,1.6992768612599198e-05,721.0,661.0,CONTSUB8
RX5V1C2__133,0.0,601.0,1.696496971551378e-05,722.0,661.5,RX5V1C2
RX5V1C2__358,0.0009123737790317499,540.0,0.0,785.0,662.5,RX5V1C2
CONTSUB17__2,0.0,601.0,1.6847896812657966e-05,724.0,662.5,CONTSUB17
RX3CAT3__433,0.0,601.0,1.6768081580066347e-05,726.0,663.5,RX3CAT3
COMSTAT17__2,0.0,601.0,1.6645447535125933e-05,727.0,664.0,COMSTAT17
CONTSUB7__5,0.0,601.0,1.595833604656678e-05,729.0,665.0,CONTSUB7
RX6V1C2__087,0.0008095541802195516,548.0,0.0,785.0,666.5,RX6V1C2
RX2V2C3__332,0.0007981337406501865,549.0,0.0,785.0,667.0,RX2V2C3
COMSTAT13__3,0.0,601.0,1.4172956002447357e-05,733.0,667.0,COMSTAT13
CONTSUB10__3,0.0,601.0,1.381082835390791e-05,734.0,667.5,CONTSUB10
RX4V1C2__242,0.0,601.0,1.3736544961883632e-05,735.0,668.0,RX4V1C2
RX6V1C2__105,0.0007467509549576867,553.0,0.0,785.0,669.0,RX6V1C2
PRESCR10__2,0.0,601.0,1.3686338374373679e-05,737.0,669.0,PRESCR10
RX7V1C2__242,0.0,601.0,1.3563307810875052e-05,739.0,670.0,RX7V1C2
RX3V1C2__242,0.0,601.0,1.3408024625484726e-05,740.0,670.5,RX3V1C2
PAYTYPER__6,0.0,601.0,1.3281381311266825e-05,741.0,671.0,PAYTYPER
PRESCR10__3,0.0,601.0,1.3249906421547367e-05,742.0,671.5,PRESCR10
COMSTAT5__3,0.0,601.0,1.2590470401328346e-05,744.0,672.5,COMSTAT5
CONTSUB2__3,0.0,601.0,1.0745357302250576e-05,749.0,675.0,CONTSUB2
COMSTAT15__3,0.0,601.0,1.032271011035918e-05,751.0,676.0,COMSTAT15
GPMED12__3,0.0,601.0,1.0049895753451195e-05,752.0,676.5,GPMED12
RX3V2C3__265,0.0,601.0,9.004001165524038e-06,754.0,677.5,RX3V2C3
PRESCR5__3,0.0,601.0,8.823859565146357e-06,756.0,678.5,PRESCR5
RX3V2C3__430,0.0,601.0,8.462526968833495e-06,758.0,679.5,RX3V2C3
COMSTAT7__3,0.0,601.0,8.247797470490598e-06,759.0,680.0,COMSTAT7
RX1V3C3__185,0.00047188259566599555,576.0,0.0,785.0,680.5,RX1V3C3
CONTSUB8__7,0.0,601.0,6.804160042493448e-06,761.0,681.0,CONTSUB8
RX7V1C2__097,0.0,601.0,6.664117659618502e-06,762.0,681.5,RX7V1C2
RX17V1C1__113,0.0,601.0,5.768588488462217e-06,763.0,682.0,RX17V1C1
CONTSUB16__7,0.0,601.0,5.562057523169505e-06,764.0,682.5,CONTSUB16
CONTSUB14__4,0.000269141623474356,582.0,0.0,785.0,683.5,CONTSUB14
CONTSUB17__5,0.00026083634458617944,583.0,0.0,785.0,684.0,CONTSUB17
GPMED16__3,0.0,601.0,5.202603885285448e-06,768.0,684.5,GPMED16
RX7V1C2__105,0.000250945307366246,585.0,0.0,785.0,685.0,RX7V1C2
RX5V1C2__087,0.0,601.0,5.098252231040543e-06,769.0,685.0,RX5V1C2
CONTSUB7__7,0.00022864879827455553,587.0,0.0,785.0,686.0,CONTSUB7
CONTSUB15__5,0.0,601.0,4.854569467449952e-06,772.0,686.5,CONTSUB15
PRDIAG4__Yes,0.0,601.0,4.743693964352852e-06,774.0,687.5,PRDIAG4
PRESCR11__3,0.0,601.0,4.5855825427779025e-06,775.0,688.0,PRESCR11
RX7V1C2__218,0.0,601.0,4.520517853476221e-06,776.0,688.5,RX7V1C2
RX3CAT3__430,7.398464959740281e-05,593.0,0.0,785.0,689.0,RX3CAT3
PRESCR7__3,0.0,601.0,4.504748412962192e-06,777.0,689.0,PRESCR7
CONTSUB10__5,3.874779617296653e-05,595.0,0.0,785.0,690.0,CONTSUB10
RX8V1C2__087,0.0,601.0,4.221556401224742e-06,780.0,690.5,RX8V1C2
RX8V1C2__358,0.0,601.0,3.839441376964745e-06,781.0,691.0,RX8V1C2
INJURY_ENC__3,0.0,601.0,3.7808239761661244e-06,782.0,691.5,INJURY_ENC
CONTSUB3__8,0.0,601.0,3.6756636938681403e-06,783.0,692.0,CONTSUB3
CONTSUB7__3,0.0,601.0,0.0,785.0,693.0,CONTSUB7
GPMED17__3,0.0,601.0,0.0,785.0,693.0,GPMED17
CONTSUB1__5,0.0,601.0,0.0,785.0,693.0,CONTSUB1
RX6V1C2__113,0.0,601.0,0.0,785.0,693.0,RX6V1C2
RX1V2C3__270,0.0,601.0,0.0,785.0,693.0,RX1V2C3
RX1V2C3__101,0.0,601.0,0.0,785.0,693.0,RX1V2C3
RX1V1C3__097,0.0,601.0,0.0,785.0,693.0,RX1V1C3
RX2CAT3__185,0.0,601.0,0.0,785.0,693.0,RX2CAT3
CONTSUB2__8,0.0,601.0,0.0,785.0,693.0,CONTSUB2
RX17V1C1__242,0.0,601.0,0.0,785.0,693.0,RX17V1C1
COMSTAT17__3,0.0,601.0,0.0,785.0,693.0,COMSTAT17
CONTSUB17__7,0.0,601.0,0.0,785.0,693.0,CONTSUB17
CONTSUB17__4,0.0,601.0,0.0,785.0,693.0,CONTSUB17
PRESCR17__2,0.0,601.0,0.0,785.0,693.0,PRESCR17
CONTSUB16__3,0.0,601.0,0.0,785.0,693.0,CONTSUB16
CONTSUB16__2,0.0,601.0,0.0,785.0,693.0,CONTSUB16
PRESCR16__3,0.0,601.0,0.0,785.0,693.0,PRESCR16
RX2V2C3__101,0.0,601.0,0.0,785.0,693.0,RX2V2C3
RX2V1C3__113,0.0,601.0,0.0,785.0,693.0,RX2V1C3
RX2V1C3__097,0.0,601.0,0.0,785.0,693.0,RX2V1C3
RX2CAT3__374,0.0,601.0,0.0,785.0,693.0,RX2CAT3
CONTSUB15__4,0.0,601.0,0.0,785.0,693.0,CONTSUB15
GPMED13__3,0.0,601.0,0.0,785.0,693.0,GPMED13
CONTSUB14__5,0.0,601.0,0.0,785.0,693.0,CONTSUB14
CONTSUB3__5,0.0,601.0,0.0,785.0,693.0,CONTSUB3
CONTSUB14__2,0.0,601.0,0.0,785.0,693.0,CONTSUB14
TOTCHRON__13,0.0,601.0,0.0,785.0,693.0,TOTCHRON
CONTSUB11__7,0.0,601.0,0.0,785.0,693.0,CONTSUB11
RX3V1C2__113,0.0,601.0,0.0,785.0,693.0,RX3V1C2
CONTSUB10__7,0.0,601.0,0.0,785.0,693.0,CONTSUB10
PRESCR10__4,0.0,601.0,0.0,785.0,693.0,PRESCR10
CONTSUB9__5,0.0,601.0,0.0,785.0,693.0,CONTSUB9
PRESCR9__3,0.0,601.0,0.0,785.0,693.0,PRESCR9
RX4V1C2__097,0.0,601.0,0.0,785.0,693.0,RX4V1C2
RX4V1C2__105,0.0,601.0,0.0,785.0,693.0,RX4V1C2
CONTSUB5__5,0.0,601.0,0.0,785.0,693.0,CONTSUB5
CONTSUB5__3,0.0,601.0,0.0,785.0,693.0,CONTSUB5
CONTSUB8__3,0.0,601.0,0.0,785.0,693.0,CONTSUB8
RX7V1C2__254,0.0,601.0,0.0,785.0,693.0,RX7V1C2
CONTSUB6__8,0.0,601.0,0.0,785.0,693.0,CONTSUB6
