source_variable,mutual_information,tree_importance
CONSULT,0.06262797451397839,0.04441347542299793
TOTDIAG,0.083571467391381,0.03695269974026126
NUMDIS,0.044989192564846014,0.023487956711805327
LOV,0.03871880318651666,0.01986164110612788
AGE,0.03155552729563249,0.01826582118705866
NUMGIV,0.05616639248634092,0.015121036593375296
GPMED6,0.03252825033018847,0.013357409532389664
IVFLUIDS,0.04415786214375084,0.01315525865400456
CBC,0.048261406836940246,0.012075922299046478
PTTINR,0.02279451504867347,0.01149739583913443
BLOODCX,0.032564387484264046,0.011488373124115063
COVIDTEST,0.02870197695554988,0.01138574688039143
DIAG1,0.039626793471990496,0.01083592046428047
GPMED5,0.03306089288441516,0.01067347467044987
GPMED2,0.05167142951301029,0.009975067353895776
EKG,0.029967428818589825,0.009767104657173334
GPMED3,0.04406890050923806,0.009705301198596328
AGE_GROUP,0.03324839088807496,0.009418459916694745
GPMED4,0.0396322394496329,0.009352744295782513
TOTCHRON,0.030509642293473194,0.009242558264569895
BPDIAS,0.0,0.0087934456486565
SHOCK_INDEX,0.002741572945405446,0.008603148458096496
IMMEDR,0.03362236228508397,0.008440971678041654
ARREMS,0.022836714601340624,0.008139935477275697
VMONTH,0.017715469991101074,0.007727148134253228
PULSE_PRESSURE,0.006485795881874257,0.007525465550382165
BPSYS,0.008258967972759823,0.00749202931946572
PAYTYPER,0.018371953141004704,0.006789972413208193
PULSE,0.0,0.0067030958450856526
WAITTIME,0.0021975378138707757,0.006579541366188579
BPDIASD,0.01339584735941024,0.006551209144358599
AMBTRANSFER,0.028297478512477214,0.006466956657980163
DIAG2,0.027570741872188886,0.006307407614423891
RFV13D,0.03415736279754111,0.006280517664975916
AGER,0.02904420788742157,0.006204305985838594
GPMED9,0.02152443405373239,0.006177633063166475
PULSED,0.007429669730113275,0.00616387425016682
TEMPF,0.0,0.006119150177552581
CMP,0.030588098238202077,0.0059099674434909535
GPMED8,0.027605670646892788,0.005904049645541054
CKD,0.007624412244872092,0.005854256209100704
RX2CAT1,0.035035396905330085,0.005678904753796808
BPSYSD,0.007203911733335788,0.0055128123860305345
DRUGID1,0.038358716097908196,0.005504303874649247
RX1V1C1,0.026635428384786053,0.00540108404068952
POPCT,0.01039085808986262,0.005373679620554838
OTHERBLD,0.023940858638848317,0.005218564273268833
ARRTIME,0.0,0.005203538053267331
RESPR,0.0035831176367440154,0.005173703880434891
DRUGID2,0.037014197319101605,0.005098258911285188
MED1,0.03763627719929441,0.005085122903003727
RX1CAT1,0.04240101291482867,0.005071089193680762
MED2,0.02732983123014976,0.005067815279738149
GPMED7,0.028375930781238123,0.005031687106230423
RX1V2C1,0.026551582426929565,0.0050267239359985975
DRUGID3,0.033997235590954133,0.005011020347840579
RFV23D,0.012098992801078845,0.0049721978435773515
RESPRD,0.009577464120925416,0.004819929856352893
RX3V1C1,0.025697024801555557,0.004763385958398569
EMT,0.01916424717650611,0.004688239931887784
LACTATE,0.016345919000331666,0.004679585935003118
HTN,0.019471001695070544,0.004654871007639607
DIAG3,0.01961011353860842,0.004622129729796449
VDAYR,0.007758552889097103,0.004592520554539802
RX3V2C1,0.030791841606196746,0.004554338045182045
DRUGID4,0.03227726526060182,0.004498209288062385
PAINSCALE,0.009880583808826504,0.004470087836655007
RX1V3C1,0.022978883161890673,0.004394965771567167
RX2V2C1,0.03336022572282471,0.0043917737070146975
TEMPDF,0.00526644375056784,0.004327539975992385
RX3CAT1,0.036038234982611606,0.004326031328017267
MED4,0.03070852649854694,0.004300457610628617
NUMMED,0.03446897836753804,0.004295824514032069
RX2V1C1,0.025181972688561594,0.004289590021751585
RX4CAT1,0.031177816182154983,0.004262272675874842
PAYMCARE,0.021099298923936916,0.004253768787590424
RX2V3C1,0.024078015181045576,0.0039784692062001465
NOCHRON,0.030124792669943057,0.003847093222654101
HYPLIPID,0.018617330662928477,0.003786686698880154
CHF,0.012107041769131355,0.003761649648991518
CATSCAN,0.019553169831454387,0.0037128394590546523
MED3,0.03367172047634215,0.003698456373752478
RFV33D,2.780596320883788e-05,0.0036822222522563093
COMSTAT7,0.029392021214302844,0.0036322854481936812
DIABTYP2,0.009618862480307078,0.003625746904586686
TOTPROC,0.021500826265795636,0.0035765909467561597
RX4V1C1,0.029159331857155024,0.00357369701058399
RX3V3C1,0.024043515421862116,0.0035211494660844895
PROC,0.03150395321709998,0.0034962924199322116
RX6CAT1,0.02558690890842441,0.003431911118415348
DRUGID6,0.028591503205498192,0.0034125380430674
GLUCOSE,0.011114217101168888,0.00330867093068283
RX5CAT1,0.030231572149897357,0.0032962979928286584
CARDMON,0.011836428963362566,0.003294675867393719
MED7,0.023639637796083912,0.0032849759883911522
RX6V1C1,0.026218034684353464,0.0032797424733785
SURGDAY,0.0055813121531220755,0.0032014401289608176
REGION,0.00961686266331685,0.003121643945265197
CEBVD,0.0056635685401054126,0.003112115910111225
RX7V1C1,0.023494819011967927,0.003111808748870458
RX4V3C1,0.020850219075894127,0.0030600373033415024
RX6V2C1,0.025079897869707102,0.0029669189782190503
BMP,0.0113697764044971,0.0029657500342222002
MHPROV,0.0018867292242585876,0.002941268365543299
GPMED10,0.015642620709407806,0.002924824625521177
EDPRIM,0.003906266734072572,0.0029024222995434864
RFV43D,0.0049916157560265795,0.0028755912350386416
MED5,0.024731454275258136,0.0028573969200227363
MED6,0.0206797553015996,0.0028058573254481716
DRUGID7,0.01790462850973218,0.002785399042404616
DIAG4,0.015455742448186482,0.00272900537817926
RX7CAT1,0.02726377626242993,0.0026735279620415816
RX4V2C1,0.030629843085595798,0.002653705156661807
BNP,0.009187308470585798,0.002635601490271456
XRAY,0.016758979342019975,0.0026079620722392204
RX5V1C1,0.031143679237791932,0.0025031480611545694
DRUGID5,0.022633380537842918,0.002493162478849808
RX5V2C1,0.027372721883035522,0.0024774119006793567
GPMED1,0.022684516344523953,0.0024267708134588515
RACEUN,0.006637545469263761,0.002355631247798034
RX7V2C1,0.023822952274321407,0.0023293431131633804
CAD,0.011163168532693168,0.0022973205215775176
PRESCR2,0.015335718640368423,0.0022879306946326445
RESINT,0.0037415070627497826,0.00222875262341005
RX6V3C1,0.013732603036593849,0.0022125305409702823
CTCONTRAST,0.0118632722471681,0.0021747318230973356
INJPOISAD,0.012375337675917475,0.0021639857957639623
DIAG5,0.009121190810463142,0.002137030923938661
ANYIMAGE,0.025457032301122284,0.0020640311308992524
RX9V1C1,0.016643498259391487,0.002059125629912834
CARDENZ,0.008924793835128453,0.0019901760874331898
CONTSUB4,0.04274751157109047,0.0019744671558227316
INJURY,0.0052641627285887616,0.0019669982966298632
RX1V2C2,0.017134039074610863,0.0019152908631040403
RFV53D,0.0,0.0018673225699503363
RACERETH,0.0016933232003375487,0.0018516316131151173
PRESCR3,0.027256155333071685,0.0018261105407135088
RX1CAT2,0.014565650444552825,0.0018126783891762065
VITALSD,0.014784420951060806,0.0018019580586969273
POOLNURS,0.005784056792962788,0.0017723155183874029
RX1V1C2,0.0026433619825640964,0.001770463955490832
OTHPROV,0.00927808120028395,0.001756520948499032
CONTSUB6,0.040406885944255455,0.001743514008296311
CATRIAGE,0.0026164874122369675,0.0017425748549913145
CANCER,0.011901111625580718,0.001730855701200828
RESIDNCE,0.0039963327010341665,0.0017202550645194958
RX2V2C2,0.006071736711576792,0.001711946659592709
CONTSUB7,0.019218296743413577,0.0016942501980420006
RFID,0.002219641187646726,0.0016921256486883752
RX3V1C2,0.02530838672659752,0.0016683109483301634
ETHUN,0.006392441534843529,0.0016547674912836454
FASTTRAK,0.0009488153984140713,0.0016346877397364293
EPISODE,0.000954432387773041,0.0016338764905403905
MED9,0.01991601675352772,0.0016167419937208722
COMSTAT4,0.019161789084562564,0.0016011097812889722
CAUSE1,0.007869046512794853,0.0015877970413505763
INTENT15,0.014362447909406217,0.0015788091722164933
RX2CAT2,0.00581824010759191,0.0015643385963366096
PRDIAG5,0.011985965905123797,0.0015604726911539065
INCSHX,0.00024562038122644125,0.001551312940766615
RX5V3C1,0.018205750347328298,0.0015400596706235145
COMSTAT3,0.025632415364306382,0.0015355573753143498
RX9CAT1,0.01778569226116611,0.0015241888042569944
PRESCR4,0.01353800912453984,0.001519888508027291
CONTSUB3,0.02545382809042085,0.0015161265021393076
RX8V1C1,0.017187148266045504,0.001504044591180864
CTCHEST,0.003967930325155855,0.0015026295150292743
CONTSUB5,0.022998553211643902,0.0014884821680954
RX3V2C2,0.006779230182932805,0.0014814347475618503
EXPSPACE,0.0,0.0014747139186089301
CONTSUB2,0.02072904730724301,0.001440353012301901
INCPHYS,0.003665880656983145,0.0014326316808275822
PRDIAG4,0.015171976940144383,0.0014307572395398497
CTHEAD,0.006835308481406122,0.0014236469464368206
ADVTRIAG,0.0,0.001420329646012325
COPD,0.0074344529086978195,0.001417900210665439
RX10V2C1,0.01654310125204672,0.0014100459512197917
RX3CAT2,0.005917517216626589,0.0014090013977592032
EDPTOR,0.0037338769633030733,0.0014060704671229264
EDINFO,0.0031312071277205256,0.0014037611406448665
RX11V2C1,0.01559530085568639,0.0014033573204029976
SEEN72,0.002006048957488016,0.001396699369826596
ZONENURS,0.0035510865470662623,0.001388895516302149
RX8CAT1,0.019528644471072276,0.0013862113682470464
PHYSPRACTRIA,0.0015283036011437545,0.0013786490078278434
DIAGSCRN,0.018625165166785695,0.0013753014552661997
PRESCR1,0.0029963525459399953,0.0013700509869612428
IMBED,0.004857907951019591,0.0013658405780666734
WIRELESS,0.004808857729425187,0.0013287357496884098
INJURY72,0.0050617887811224005,0.001319981432601694
PRDIAG2,0.020283744903230927,0.001303329356832734
CONTSUB1,0.01684531811613632,0.0012942420126688474
RX5V1C2,0.01534272103852441,0.0012736773926261588
SEX,0.0,0.0012733693791247439
PRESCR5,0.021632895810105968,0.0012553402282508847
CTAB,0.002784148950307319,0.0012490124395867503
KIOSELCHK,0.0,0.001240169321674455
RX2V1C2,0.0020924208623034346,0.0012383317446160098
URINE,0.010858264541991902,0.0012197772867509232
MRI,0.004447266369096203,0.0012107813144703206
DRUGID8,0.021405401890678633,0.0012021906448056424
CONTSUB9,0.013547764118143402,0.001183731099660261
DRUGID9,0.01666867398916816,0.0011832812778349445
BEDREG,0.000554343766842047,0.0011671825851718343
PRDIAG3,0.013127128469650362,0.001160834039244459
RACER,0.005719342272911598,0.0011527883359287003
PAYMCAID,0.0035391042874572953,0.0011477897856210532
COMSTAT1,0.006073092468913632,0.0011473373949591095
GPMED11,0.011436417691002232,0.0011449923989332203
RX8V2C1,0.018688877917169,0.0011420729926865136
EMRED,0.0,0.001130275448456351
TACHYCARDIC_FLAG,0.0,0.0011148860929793367
COMSTAT8,0.022814793247249998,0.001103559563504908
FLUTEST,0.002114240170050463,0.00109317827164538
URINECX,0.002814630968608345,0.0010832827119304595
INJURY_ENC,0.008120507200253702,0.001082667989941954
RX11CAT1,0.015108409340588436,0.0010710207781694234
PAYPRIV,0.0,0.001070474805896846
BUNCREAT,0.004806575441802741,0.0010647894443330905
RX9V2C1,0.02302681161023723,0.0010551580847486214
MED8,0.017390398525874762,0.0010100037180001743
ULTRASND,0.009291073624697832,0.0010073061251303621
TOXSCREN,0.010055723438184616,0.0010016884503398892
DASHBORD,0.002441026709715466,0.00099843194866442
MSA,0.003118713378787552,0.000987915021910712
DRUGID10,0.017157767370818755,0.0009849061154481003
RX7V3C1,0.01747531814406722,0.0009839735774721805
OBESITY,0.008213026359416453,0.0009757117269179416
PRESCR6,0.021845664872325088,0.0009661611500413515
RX4V1C2,0.016999466768011118,0.0009648527191259084
RX4V2C2,0.006109073627956985,0.0009433764095364901
MED10,0.018492424505744953,0.0009416078156340915
PREGTEST,0.0,0.000933472496640188
PHYSASST,0.0003916554978806719,0.0009231869643264931
COMSTAT2,0.012983506140370915,0.000900792691663826
COMSTAT9,0.020534051926465846,0.0008865672035340499
PRESCR7,0.018423571070448785,0.000883554807694104
MRICONTRAST,0.004541172622772427,0.0008788864270363276
RX4CAT2,0.008327974475487387,0.000871654943280185
RX2V3C2,0.004365237066767946,0.0008695353084329747
RX5CAT2,0.009397248628057353,0.0008613821412125075
EHRINSE,0.00303570104967843,0.0008558955201677795
RX12V2C1,0.01219401715155044,0.0008427431424056493
BAC,0.0,0.0008392525944589058
DEPRN,0.0012563313056659364,0.0008330740479059878
RX1V3C2,0.007266530360780843,0.000829175867737211
RX11V1C1,0.01986850531153106,0.0008174089414348438
ASTHMA,0.0,0.000801809118676065
OTHRTEST,0.0,0.0007991897441101353
RX5V2C2,0.00761455615599993,0.0007962514337283075
RX10CAT1,0.01572953852237835,0.000792490958280555
DRUGID11,0.015035231300667862,0.0007900592003329064
CAUSE2,0.0032610056242614593,0.0007870326355422062
RACERFL,0.0,0.0007856939965483957
COMSTAT6,0.02312763813090135,0.0007765909258602868
ABG,0.0016714542252214137,0.0007719967219161657
ETHNICFL,0.0,0.0007703008280766058
MED11,0.014182405565321021,0.0007658039535267373
DIABTYP0,0.0004483129637504746,0.000760651341454227
OSA,0.00015312355064667216,0.0007524268943890352
PRESCR8,0.018182895255556053,0.0007455458833452095
OTHPROC,0.004485475386158511,0.0007440019461316632
RX6V1C2,0.02644650617081301,0.0007108856722288854
RX10V1C1,0.021740196966505643,0.0006892732948576919
MED13,0.013908295733605858,0.0006857448381216647
CTOTHER,0.0024463595230341806,0.0006764894120692936
ELECTROL,0.002097404998185448,0.0006720699771453467
ALZHD,0.004937412670140473,0.0006707232836947746
PAYDK,0.0,0.0006660897137295043
RX9V3C1,0.005279590541721779,0.0006660026990539594
DDIMER,0.003570318575473852,0.000654839817491818
NEBUTHER,0.004183745709733566,0.0006499986341848707
COVIDANTIBODY,0.0,0.0006447353649761401
RX12V1C1,0.014882421417024005,0.0006379550208474462
ETHIM,0.0,0.000633914457705662
ESRD,0.009074407244696214,0.0006288865208064149
RNLPN,0.0,0.0006235432367319209
NURSEPR,0.0,0.0006215520012260524
COMSTAT5,0.02101608625434448,0.0006212346638709731
HPE,0.003934524561162611,0.0006190568924046289
RX7CAT2,0.005204089100164788,0.0006093248858369064
SUBSTAB,0.0,0.0006022887982311473
RX13V1C1,0.01158457699925819,0.0005997836413878116
LFT,0.0031817176193014163,0.000597049127041641
PAYOTH,0.0002530326863003918,0.0005856725183320591
ETOHAB,0.006734688532437749,0.0005802405001246278
HYPOTENSIVE_FLAG,0.0013642747008928424,0.0005798318790073823
RX7V1C2,0.013266906192548333,0.0005778645941954985
RX3CAT3,0.007237171914210361,0.0005733822163811808
GPMED12,0.006631900244801869,0.0005719018757670609
RX1CAT3,0.012041537928338286,0.0005649896841624226
RX8V3C1,0.013546162055331212,0.0005582245079223007
RX13V2C1,0.005972686085360834,0.0005374570404906668
HHSMUE,0.0,0.000523257926733274
ATTPHYS,0.00879939181055378,0.0005125711522540777
RX1V2C3,0.013596349188939039,0.0005032356543524843
PELVIC,0.0025332762680181364,0.0005032309438520059
OTHIMAGE,0.0023153052519957473,0.0004990086936241807
RX11V3C1,0.004778909179115276,0.0004917125798894776
CONTSUB11,0.02336392531363085,0.0004900807781305043
RX2CAT3,0.0040378830251111,0.000489734958213929
MED,0.0018084348938989248,0.0004894311786602316
RX3V3C2,0.002633684774255407,0.00048291993636128414
PRESCR9,0.017973440609059255,0.0004801080938856258
RX2V2C3,0.016727860293336727,0.0004745454984500525
RX6CAT2,0.00704169183753911,0.0004722418608841966
RX3V3C3,0.007049309372482604,0.00046989029709670026
RX6V2C2,0.006840393977722181,0.00046980676921594443
RX4V3C2,0.0,0.0004653053937949431
PRESCR11,0.0032196117798688473,0.0004603763786442458
CONTSUB12,0.010843990187873409,0.00045872035498301675
RX15V1C1,0.015273234522590995,0.0004538244760381196
RX3V1C3,0.007019368835395001,0.0004424085546814368
RX2V3C3,0.00611573342812366,0.00043210032046646336
RX14V1C1,0.009822191157500937,0.00042920824557510847
CONTSUB10,0.01475549338831983,0.0004271010276038143
RX12CAT1,0.01169845678203485,0.00042501575660975575
RX14V2C1,0.006542341952587183,0.00041986871620122094
RX3V2C3,0.0017447915011450377,0.0004126579875228568
RX12V3C1,0.009116901272675948,0.0004103721819447191
RX7V2C2,0.004867388066087441,0.0004065440241525387
RX6V3C2,0.0057233603448050285,0.0004048393279680078
RX8V1C2,0.02731551309564262,0.0004002012909470235
CONTSUB8,0.01822233264315032,0.00039748588180285637
RX13CAT1,0.013519663862483489,0.00039284604948777203
OSTPRSIS,0.007299713077526526,0.000390815717927549
DRUGID12,0.013953907788348818,0.0003793906087094298
PRESCR10,0.015463268722838652,0.0003771315308839306
RX14CAT1,0.008606197946195326,0.00037416724997241984
HIVTEST,0.0,0.0003739922668617718
OTHCX,0.009258130664081765,0.0003717691374340567
DRUGID13,0.011288824223832483,0.0003503487619489136
BLADCATH,3.6928690219095728e-06,0.0003487395626386593
RX8CAT2,0.003494172268233786,0.00034505638197289586
RX2V1C3,0.003984656286216914,0.00034305282266412193
RX5V3C2,0.0013326680806260427,0.0003417681945733012
RX10V3C1,0.0097915493867613,0.0003393379578355744
MED12,0.012301084725276246,0.00033811861149347726
RX17V1C1,0.025714669464971696,0.00033406953457742057
DRUGID15,0.01175836936233865,0.0003303869608984506
RX15V2C1,0.010763688639403357,0.00032996623706871487
CASTSPLINT,0.0028753911096832674,0.00032765726980105414
GPMED13,0.009955569828962618,0.00030640078126286947
GPMED14,0.0148186872358671,0.00030381999816868365
CONTSUB15,0.011639802803828259,0.0002993633242219775
COMSTAT11,0.014611351049072185,0.0002985772143969148
RX13V3C1,0.009337652123028173,0.0002934287197498297
RX1V1C3,0.002925233125660842,0.00027822495552054494
MED17,0.007207652950400822,0.0002741418891003091
RX8V2C2,0.006118106352962727,0.0002669458371827775
FEVER_FLAG,0.007382602217609113,0.00026284296813576394
PRESCR13,0.005596483209476588,0.0002587997367076576
RX17CAT1,0.006987546511032061,0.00025375676427023364
PAYSELF,0.0,0.0002481188565581836
RX16V1C1,0.0031999726106903825,0.0002455933134303708
COMSTAT10,0.014682740633509495,0.0002427908967142287
PRESCR12,0.015565961106211335,0.0002406543969560207
RX15CAT1,0.006959566231247827,0.0002391863765710678
CONTSUB13,0.020216125641963734,0.00023215625749944222
DRUGID14,0.008364563988087381,0.0002313076302628563
MED14,0.006558638708538345,0.00022224632429240554
RX1V3C3,0.0033596688313801693,0.00021886475697213912
DRUGID16,0.006799792206274802,0.00021413190642742747
TRTCX,0.00048058835584652293,0.0002113774923062008
CAUSE3,0.005538718825296884,0.00020573500633396042
MED15,0.015658100066923586,0.00020417066934358955
COMSTAT12,0.019379687138803003,0.00020409800459259133
PRESCR14,0.015953328388029098,0.00019997029268756274
RX16CAT1,0.0044472885845512344,0.00019487215716572977
CONTSUB16,0.006236004065656164,0.0001943276004443357
RX16V2C1,0.006882898518289604,0.00019025147001608213
RX17V2C1,0.006384100357618827,0.0001853598244842938
GPMED15,0.009859112730110864,0.00018511677390700416
COMSTAT15,0.0018327150977985873,0.0001850726993176521
RX14V3C1,0.002247301737007934,0.00018396758969023173
COMSTAT14,0.013002510804408285,0.00017771339208727278
PRESCR15,0.004736974600701105,0.00017401326902193417
DRUGID17,0.00741540424948095,0.0001667187926301347
CONTSUB17,0.0066550934006748275,0.0001660191688940475
COMSTAT16,0.011492131415797635,0.00015350143910754048
MED16,0.00896064360791815,0.00015034463156647258
PRDIAG1,0.0027635770162319773,0.00014971383694860262
PRESCR17,0.004792554092166945,0.00014882532489418653
PRESCR16,0.001869254397508735,0.0001393558583639842
COMSTAT17,0.005910392751651505,0.00012732911725720704
COMSTAT13,0.016493075481707642,0.00012710477224287824
SUTURE,0.005641160635556863,0.00012017055480520374
GPMED16,0.006313616035294123,9.750612511237938e-05
SKINADH,0.0,8.221866325559413e-05
CONTSUB14,0.009022146553678168,7.860716438650006e-05
GPMED17,0.005941128071162538,5.818826592782004e-05
