variable_name,n_unique,missing_count,missing_percentage,top_values,rare_category_count
VMONTH,12,0,0.0,2.0=1619 (10.1%); 12.0=1602 (10.0%); 1.0=1468 (9.2%); 7.0=1448 (9.0%); 6.0=1408 (8.8%),0
VDAYR,7,0,0.0,2.0=2631 (16.4%); 3.0=2415 (15.1%); 4.0=2374 (14.8%); 5.0=2301 (14.4%); 6.0=2259 (14.1%),0
ARRTIME,1438,0,0.0,-9=243 (1.5%); 1124=29 (0.2%); 1440=29 (0.2%); 1309=27 (0.2%); 1116=27 (0.2%),1437
AGER,6,0,0.0,3.0=4170 (26.0%); 4.0=3703 (23.1%); 1.0=2849 (17.8%); 2.0=2084 (13.0%); 6.0=1638 (10.2%),0
RESIDNCE,6,0,0.0,1.0=14952 (93.3%); 3.0=338 (2.1%); 2.0=285 (1.8%); 4.0=188 (1.2%); -9.0=161 (1.0%),1
SEX,2,0,0.0,1.0=8465 (52.8%); 2.0=7560 (47.2%),0
ETHUN,3,0,0.0,2.0=11500 (71.8%); -9.0=2333 (14.6%); 1.0=2192 (13.7%),0
ETHIM,2,0,0.0,2.0=13377 (83.5%); 1.0=2648 (16.5%),0
RACEUN,7,0,0.0,1.0=8737 (54.5%); 2.0=3667 (22.9%); -9.0=3022 (18.9%); 3.0=396 (2.5%); 5.0=93 (0.6%),3
RACER,3,0,0.0,1.0=11001 (68.6%); 2.0=4248 (26.5%); 3.0=776 (4.8%),0
RACERETH,4,0,0.0,1.0=8748 (54.6%); 2.0=3943 (24.6%); 3.0=2648 (16.5%); 4.0=686 (4.3%),0
ARREMS,4,0,0.0,2.0=12682 (79.1%); 1.0=2848 (17.8%); -8.0=389 (2.4%); -9.0=106 (0.7%),1
AMBTRANSFER,5,0,0.0,-7.0=13071 (81.6%); 2.0=2234 (13.9%); -9.0=386 (2.4%); -8.0=180 (1.1%); 1.0=154 (1.0%),1
NOPAY,2,0,0.0,0.0=15867 (99.0%); 1.0=158 (1.0%),1
PAYPRIV,2,0,0.0,0.0=11160 (69.6%); 1.0=4865 (30.4%),0
PAYMCARE,2,0,0.0,0.0=12838 (80.1%); 1.0=3187 (19.9%),0
PAYMCAID,2,0,0.0,0.0=9489 (59.2%); 1.0=6536 (40.8%),0
PAYWKCMP,2,0,0.0,0.0=15896 (99.2%); 1.0=129 (0.8%),1
PAYSELF,2,0,0.0,0.0=15246 (95.1%); 1.0=779 (4.9%),0
PAYNOCHG,2,0,0.0,0.0=15964 (99.6%); 1.0=61 (0.4%),1
PAYOTH,2,0,0.0,0.0=15187 (94.8%); 1.0=838 (5.2%),0
PAYDK,2,0,0.0,0.0=14446 (90.1%); 1.0=1579 (9.9%),0
PAYTYPER,9,0,0.0,3.0=5943 (37.1%); 1.0=3833 (23.9%); 2.0=3187 (19.9%); -8.0=1579 (9.9%); 5.0=748 (4.7%),3
IMMEDR,9,0,0.0,3.0=5340 (33.3%); -8.0=3788 (23.6%); 4.0=2826 (17.6%); 2.0=1595 (10.0%); 7.0=1079 (6.7%),1
PAINSCALE,13,0,0.0,-8.0=6275 (39.2%); 0.0=2842 (17.7%); 8.0=1101 (6.9%); 10.0=1001 (6.2%); 7.0=843 (5.3%),1
SEEN72,4,0,0.0,2.0=13773 (85.9%); -8.0=1273 (7.9%); 1.0=535 (3.3%); -9.0=444 (2.8%),0
EPISODE,4,0,0.0,1.0=13528 (84.4%); -8.0=1334 (8.3%); 2.0=896 (5.6%); -9.0=267 (1.7%),0
INJURY,5,0,0.0,0.0=10270 (64.1%); 1.0=4483 (28.0%); -8.0=813 (5.1%); 2.0=277 (1.7%); -9.0=182 (1.1%),0
INJPOISAD,7,0,0.0,4.0=10270 (64.1%); 1.0=3948 (24.6%); -8.0=813 (5.1%); 3.0=354 (2.2%); 5.0=277 (1.7%),0
INJURY72,5,0,0.0,-9.0=12435 (77.6%); 1.0=2744 (17.1%); 2.0=464 (2.9%); 3.0=277 (1.7%); -8.0=105 (0.7%),1
INTENT15,5,0,0.0,-9.0=10805 (67.4%); 2.0=3765 (23.5%); -8.0=829 (5.2%); 1.0=349 (2.2%); 4.0=277 (1.7%),0
INJURY_ENC,6,0,0.0,-9.0=12188 (76.1%); 1.0=3747 (23.4%); 2.0=73 (0.5%); 4.0=9 (0.1%); 3.0=7 (0.0%),4
CAUSE1,245,0,0.0,-9=12899 (80.5%); W19X=341 (2.1%); W010=154 (1.0%); X58X=139 (0.9%); W183=135 (0.8%),243
CAUSE2,89,0,0.0,-9=14737 (92.0%); Y920=218 (1.4%); Y930=114 (0.7%); Y990=110 (0.7%); Y936=97 (0.6%),87
CAUSE3,32,0,0.0,-9=15839 (98.8%); Y920=32 (0.2%); Y990=30 (0.2%); Y928=23 (0.1%); Y922=12 (0.1%),31
DIAG1,1549,0,0.0,U071=508 (3.2%); R079=406 (2.5%); R109=367 (2.3%); J069=332 (2.1%); M255=279 (1.7%),1534
DIAG2,1308,0,0.0,-9=7635 (47.6%); I10-=199 (1.2%); Z208=171 (1.1%); R059=163 (1.0%); U071=150 (0.9%),1304
DIAG3,989,0,0.0,-9=11774 (73.5%); I10-=158 (1.0%); Z208=121 (0.8%); N390=57 (0.4%); R059=56 (0.3%),988
DIAG4,668,0,0.0,-9=13743 (85.8%); I10-=91 (0.6%); Z208=61 (0.4%); Z798=40 (0.2%); E119=39 (0.2%),667
DIAG5,466,0,0.0,-9=14800 (92.4%); I10-=64 (0.4%); Z208=44 (0.3%); Z798=33 (0.2%); E119=25 (0.2%),465
PRDIAG1,3,0,0.0,0.0=15744 (98.2%); -7.0=227 (1.4%); 1.0=54 (0.3%),1
PRDIAG2,3,0,0.0,0.0=8345 (52.1%); -7.0=7635 (47.6%); 1.0=45 (0.3%),1
PRDIAG3,3,0,0.0,-7.0=11774 (73.5%); 0.0=4228 (26.4%); 1.0=23 (0.1%),1
PRDIAG4,3,0,0.0,-7.0=13743 (85.8%); 0.0=2274 (14.2%); 1.0=8 (0.0%),1
PRDIAG5,3,0,0.0,-7.0=14800 (92.4%); 0.0=1222 (7.6%); 1.0=3 (0.0%),1
ETOHAB,2,0,0.0,0.0=15290 (95.4%); 1.0=735 (4.6%),0
ALZHD,2,0,0.0,0.0=15797 (98.6%); 1.0=228 (1.4%),0
ASTHMA,2,0,0.0,0.0=14345 (89.5%); 1.0=1680 (10.5%),0
CANCER,2,0,0.0,0.0=15277 (95.3%); 1.0=748 (4.7%),0
CEBVD,2,0,0.0,0.0=15416 (96.2%); 1.0=609 (3.8%),0
CKD,2,0,0.0,0.0=15366 (95.9%); 1.0=659 (4.1%),0
COPD,2,0,0.0,0.0=15142 (94.5%); 1.0=883 (5.5%),0
CHF,2,0,0.0,0.0=15382 (96.0%); 1.0=643 (4.0%),0
CAD,2,0,0.0,0.0=15001 (93.6%); 1.0=1024 (6.4%),0
DEPRN,2,0,0.0,0.0=14004 (87.4%); 1.0=2021 (12.6%),0
DIABTYP1,2,0,0.0,0.0=15900 (99.2%); 1.0=125 (0.8%),1
DIABTYP2,2,0,0.0,0.0=14887 (92.9%); 1.0=1138 (7.1%),0
DIABTYP0,2,0,0.0,0.0=15216 (95.0%); 1.0=809 (5.0%),0
ESRD,2,0,0.0,0.0=15841 (98.9%); 1.0=184 (1.1%),0
HPE,2,0,0.0,0.0=15735 (98.2%); 1.0=290 (1.8%),0
EDHIV,2,0,0.0,0.0=15881 (99.1%); 1.0=144 (0.9%),1
HYPLIPID,2,0,0.0,0.0=14117 (88.1%); 1.0=1908 (11.9%),0
HTN,2,0,0.0,0.0=11722 (73.1%); 1.0=4303 (26.9%),0
OBESITY,2,0,0.0,0.0=14834 (92.6%); 1.0=1191 (7.4%),0
OSA,2,0,0.0,0.0=15476 (96.6%); 1.0=549 (3.4%),0
OSTPRSIS,2,0,0.0,0.0=15847 (98.9%); 1.0=178 (1.1%),0
SUBSTAB,2,0,0.0,0.0=14711 (91.8%); 1.0=1314 (8.2%),0
NOCHRON,3,0,0.0,0.0=8534 (53.3%); 1.0=7232 (45.1%); 2.0=259 (1.6%),0
TOTCHRON,14,0,0.0,0.0=7232 (45.1%); 1.0=3283 (20.5%); 2.0=1991 (12.4%); 3.0=1280 (8.0%); 4.0=838 (5.2%),5
DIAGSCRN,3,0,0.0,1.0=12810 (79.9%); 0.0=2990 (18.7%); 2.0=225 (1.4%),0
ABG,2,0,0.0,0.0=15685 (97.9%); 1.0=340 (2.1%),0
BAC,2,0,0.0,0.0=15549 (97.0%); 1.0=476 (3.0%),0
BMP,2,0,0.0,0.0=14044 (87.6%); 1.0=1981 (12.4%),0
BNP,2,0,0.0,0.0=15331 (95.7%); 1.0=694 (4.3%),0
BUNCREAT,2,0,0.0,0.0=15561 (97.1%); 1.0=464 (2.9%),0
CARDENZ,2,0,0.0,0.0=15010 (93.7%); 1.0=1015 (6.3%),0
CBC,2,0,0.0,0.0=9053 (56.5%); 1.0=6972 (43.5%),0
CMP,2,0,0.0,0.0=11024 (68.8%); 1.0=5001 (31.2%),0
BLOODCX,2,0,0.0,0.0=15085 (94.1%); 1.0=940 (5.9%),0
TRTCX,2,0,0.0,0.0=15858 (99.0%); 1.0=167 (1.0%),0
URINECX,2,0,0.0,0.0=14256 (89.0%); 1.0=1769 (11.0%),0
WOUNDCX,2,0,0.0,0.0=15961 (99.6%); 1.0=64 (0.4%),1
OTHCX,2,0,0.0,0.0=15866 (99.0%); 1.0=159 (1.0%),1
DDIMER,2,0,0.0,0.0=15485 (96.6%); 1.0=540 (3.4%),0
ELECTROL,2,0,0.0,0.0=15799 (98.6%); 1.0=226 (1.4%),0
GLUCOSE,2,0,0.0,0.0=14955 (93.3%); 1.0=1070 (6.7%),0
LACTATE,2,0,0.0,0.0=15264 (95.3%); 1.0=761 (4.7%),0
LFT,2,0,0.0,0.0=15404 (96.1%); 1.0=621 (3.9%),0
PTTINR,2,0,0.0,0.0=14740 (92.0%); 1.0=1285 (8.0%),0
OTHERBLD,2,0,0.0,0.0=12355 (77.1%); 1.0=3670 (22.9%),0
CARDMON,2,0,0.0,0.0=14571 (90.9%); 1.0=1454 (9.1%),0
EKG,2,0,0.0,0.0=11894 (74.2%); 1.0=4131 (25.8%),0
HIVTEST,2,0,0.0,0.0=15806 (98.6%); 1.0=219 (1.4%),0
FLUTEST,2,0,0.0,0.0=14412 (89.9%); 1.0=1613 (10.1%),0
PREGTEST,2,0,0.0,0.0=14588 (91.0%); 1.0=1437 (9.0%),0
TOXSCREN,2,0,0.0,0.0=15132 (94.4%); 1.0=893 (5.6%),0
URINE,2,0,0.0,0.0=12194 (76.1%); 1.0=3831 (23.9%),0
OTHRTEST,2,0,0.0,0.0=13189 (82.3%); 1.0=2836 (17.7%),0
ANYIMAGE,2,0,0.0,1.0=8206 (51.2%); 0.0=7819 (48.8%),0
XRAY,2,0,0.0,0.0=10463 (65.3%); 1.0=5562 (34.7%),0
CATSCAN,2,0,0.0,0.0=12453 (77.7%); 1.0=3572 (22.3%),0
CTCONTRAST,4,0,0.0,-9.0=12645 (78.9%); 2.0=2036 (12.7%); 1.0=1214 (7.6%); -8.0=130 (0.8%),1
CTAB,2,0,0.0,0.0=14534 (90.7%); 1.0=1491 (9.3%),0
CTCHEST,2,0,0.0,0.0=15502 (96.7%); 1.0=523 (3.3%),0
CTHEAD,2,0,0.0,0.0=14488 (90.4%); 1.0=1537 (9.6%),0
CTOTHER,2,0,0.0,0.0=15224 (95.0%); 1.0=801 (5.0%),0
CTUNK,2,0,0.0,0.0=15862 (99.0%); 1.0=163 (1.0%),0
MRI,2,0,0.0,0.0=15811 (98.7%); 1.0=214 (1.3%),0
MRICONTRAST,4,0,0.0,-9.0=15834 (98.8%); 2.0=128 (0.8%); 1.0=41 (0.3%); -8.0=22 (0.1%),3
ULTRASND,2,0,0.0,0.0=15053 (93.9%); 1.0=972 (6.1%),0
OTHIMAGE,2,0,0.0,0.0=15851 (98.9%); 1.0=174 (1.1%),0
COVIDTEST,2,0,0.0,0.0=12127 (75.7%); 1.0=3898 (24.3%),0
COVIDANTIBODY,2,0,0.0,0.0=15823 (98.7%); 1.0=202 (1.3%),0
PROC,3,0,0.0,0.0=8889 (55.5%); 1.0=6691 (41.8%); 2.0=445 (2.8%),0
BPAP,2,0,0.0,0.0=15925 (99.4%); 1.0=100 (0.6%),1
BLADCATH,2,0,0.0,0.0=15813 (98.7%); 1.0=212 (1.3%),0
CASTSPLINT,2,0,0.0,0.0=15365 (95.9%); 1.0=660 (4.1%),0
CENTLINE,2,0,0.0,0.0=15898 (99.2%); 1.0=127 (0.8%),1
CPR,2,0,0.0,0.0=16002 (99.9%); 1.0=23 (0.1%),1
ENDOINT,2,0,0.0,0.0=15976 (99.7%); 1.0=49 (0.3%),1
INCDRAIN,2,0,0.0,0.0=15906 (99.3%); 1.0=119 (0.7%),1
IVFLUIDS,2,0,0.0,0.0=11706 (73.0%); 1.0=4319 (27.0%),0
LUMBAR,2,0,0.0,0.0=16015 (99.9%); 1.0=10 (0.1%),1
NEBUTHER,2,0,0.0,0.0=15572 (97.2%); 1.0=453 (2.8%),0
PELVIC,2,0,0.0,0.0=15854 (98.9%); 1.0=171 (1.1%),0
SKINADH,2,0,0.0,0.0=15834 (98.8%); 1.0=191 (1.2%),0
SUTURE,2,0,0.0,0.0=15697 (98.0%); 1.0=328 (2.0%),0
OTHPROC,2,0,0.0,0.0=14617 (91.2%); 1.0=1408 (8.8%),0
TOTPROC,8,0,0.0,0.0=8889 (55.5%); 1.0=5464 (34.1%); 2.0=1030 (6.4%); -9.0=445 (2.8%); 3.0=154 (1.0%),4
MED,2,0,0.0,1.0=12391 (77.3%); 0.0=3634 (22.7%),0
MED1,906,0,0.0,-9=3634 (22.7%); 28495=931 (5.8%); 32905=846 (5.3%); 15395=563 (3.5%); 00260=554 (3.5%),891
MED2,892,0,0.0,-9=6885 (43.0%); 28495=502 (3.1%); 92105=468 (2.9%); 32905=434 (2.7%); 15395=380 (2.4%),884
MED3,828,0,0.0,-9=9709 (60.6%); 28495=324 (2.0%); 92105=292 (1.8%); 32905=199 (1.2%); 15395=155 (1.0%),824
MED4,737,0,0.0,-9=11771 (73.5%); 28495=210 (1.3%); 92105=149 (0.9%); 32905=101 (0.6%); 92161=90 (0.6%),735
MED5,675,0,0.0,-9=13149 (82.1%); 28495=102 (0.6%); 92105=95 (0.6%); 32905=65 (0.4%); 92161=54 (0.3%),674
MED6,591,0,0.0,-9=14031 (87.6%); 92105=62 (0.4%); 28495=48 (0.3%); 15395=36 (0.2%); 32905=30 (0.2%),590
MED7,530,0,0.0,-9=14570 (90.9%); 28495=42 (0.3%); 92105=38 (0.2%); 15395=21 (0.1%); 00260=20 (0.1%),529
MED8,469,0,0.0,-9=14958 (93.3%); 28495=16 (0.1%); 92105=16 (0.1%); 15395=15 (0.1%); 32905=14 (0.1%),468
MED9,412,0,0.0,-9=15193 (94.8%); 28495=16 (0.1%); 92141=15 (0.1%); 32905=13 (0.1%); 92164=12 (0.1%),411
MED10,363,0,0.0,-9=15379 (96.0%); 24590=12 (0.1%); 28495=10 (0.1%); 32905=9 (0.1%); 94114=8 (0.0%),362
MED11,312,0,0.0,-9=15489 (96.7%); 15395=10 (0.1%); 92105=9 (0.1%); 00042=8 (0.0%); 13118=7 (0.0%),311
MED12,265,0,0.0,-9=15565 (97.1%); 17370=9 (0.1%); 92105=8 (0.0%); 28495=7 (0.0%); 19840=7 (0.0%),264
MED13,246,0,0.0,-9=15638 (97.6%); 96125=6 (0.0%); 28495=5 (0.0%); 33588=5 (0.0%); 00042=5 (0.0%),245
MED14,224,0,0.0,-9=15701 (98.0%); 24590=7 (0.0%); 95133=5 (0.0%); 19840=5 (0.0%); 28495=4 (0.0%),223
MED15,200,0,0.0,-9=15753 (98.3%); 28495=5 (0.0%); 92164=5 (0.0%); 13118=4 (0.0%); 40520=4 (0.0%),199
MED16,165,0,0.0,-9=15801 (98.6%); 98131=4 (0.0%); 93352=3 (0.0%); 91096=3 (0.0%); 41315=3 (0.0%),164
MED17,142,0,0.0,-9=15834 (98.8%); 31997=4 (0.0%); 92105=4 (0.0%); 00260=3 (0.0%); 24890=3 (0.0%),141
MED18,122,0,0.0,-9=15870 (99.0%); 22315=5 (0.0%); 19840=3 (0.0%); 91096=3 (0.0%); 24890=3 (0.0%),121
MED19,101,0,0.0,-9=15902 (99.2%); 00042=6 (0.0%); 28495=4 (0.0%); 91096=3 (0.0%); 96125=3 (0.0%),100
MED20,94,0,0.0,-9=15917 (99.3%); 41315=3 (0.0%); 92141=3 (0.0%); 93237=3 (0.0%); 92105=3 (0.0%),93
MED21,70,0,0.0,-9=15945 (99.5%); 24590=4 (0.0%); 04307=3 (0.0%); 35260=2 (0.0%); 00260=2 (0.0%),69
MED22,58,0,0.0,-9=15962 (99.6%); 91000=3 (0.0%); 99999=3 (0.0%); 95092=2 (0.0%); 97126=2 (0.0%),57
MED23,47,0,0.0,-9=15971 (99.7%); 40520=3 (0.0%); 34575=2 (0.0%); 24590=2 (0.0%); 07096=2 (0.0%),46
MED24,36,0,0.0,-9=15988 (99.8%); 31997=2 (0.0%); 35245=2 (0.0%); 02805=1 (0.0%); 35250=1 (0.0%),35
MED25,28,0,0.0,-9=15996 (99.8%); 18555=2 (0.0%); 21695=2 (0.0%); 99033=1 (0.0%); 09175=1 (0.0%),27
MED26,21,0,0.0,-9=16005 (99.9%); 11197=1 (0.0%); 00213=1 (0.0%); 93211=1 (0.0%); 91069=1 (0.0%),20
MED27,13,0,0.0,-9=16011 (99.9%); 21160=2 (0.0%); 34575=2 (0.0%); 10251=1 (0.0%); 24590=1 (0.0%),12
MED28,12,0,0.0,-9=16013 (99.9%); 21160=2 (0.0%); 08161=1 (0.0%); 13161=1 (0.0%); 92141=1 (0.0%),11
MED29,6,0,0.0,-9=16020 (100.0%); 98139=1 (0.0%); 22305=1 (0.0%); 07332=1 (0.0%); 09481=1 (0.0%),5
MED30,2,0,0.0,-9=16024 (100.0%); 21160=1 (0.0%),1
GPMED1,5,0,0.0,1.0=7868 (49.1%); -7.0=3634 (22.7%); 2.0=2666 (16.6%); 3.0=1766 (11.0%); -9.0=91 (0.6%),1
GPMED2,5,0,0.0,-7.0=6885 (43.0%); 1.0=5663 (35.3%); 2.0=2372 (14.8%); 3.0=998 (6.2%); -9.0=107 (0.7%),1
GPMED3,5,0,0.0,-7.0=9709 (60.6%); 1.0=3906 (24.4%); 2.0=1787 (11.2%); 3.0=504 (3.1%); -9.0=119 (0.7%),1
GPMED4,5,0,0.0,-7.0=11771 (73.5%); 1.0=2606 (16.3%); 2.0=1260 (7.9%); 3.0=261 (1.6%); -9.0=127 (0.8%),1
GPMED5,5,0,0.0,-7.0=13149 (82.1%); 1.0=1641 (10.2%); 2.0=953 (5.9%); 3.0=156 (1.0%); -9.0=126 (0.8%),2
GPMED6,5,0,0.0,-7.0=14031 (87.6%); 1.0=1059 (6.6%); 2.0=714 (4.5%); -9.0=121 (0.8%); 3.0=100 (0.6%),2
GPMED7,5,0,0.0,-7.0=14570 (90.9%); 1.0=725 (4.5%); 2.0=550 (3.4%); -9.0=116 (0.7%); 3.0=64 (0.4%),2
GPMED8,5,0,0.0,-7.0=14958 (93.3%); 1.0=479 (3.0%); 2.0=443 (2.8%); -9.0=100 (0.6%); 3.0=45 (0.3%),2
GPMED9,5,0,0.0,-7.0=15193 (94.8%); 2.0=358 (2.2%); 1.0=348 (2.2%); -9.0=92 (0.6%); 3.0=34 (0.2%),2
GPMED10,5,0,0.0,-7.0=15379 (96.0%); 2.0=295 (1.8%); 1.0=248 (1.5%); -9.0=86 (0.5%); 3.0=17 (0.1%),2
GPMED11,5,0,0.0,-7.0=15489 (96.7%); 2.0=254 (1.6%); 1.0=194 (1.2%); -9.0=76 (0.5%); 3.0=12 (0.1%),2
GPMED12,5,0,0.0,-7.0=15565 (97.1%); 2.0=219 (1.4%); 1.0=164 (1.0%); -9.0=71 (0.4%); 3.0=6 (0.0%),2
GPMED13,5,0,0.0,-7.0=15638 (97.6%); 2.0=186 (1.2%); 1.0=129 (0.8%); -9.0=64 (0.4%); 3.0=8 (0.0%),3
GPMED14,5,0,0.0,-7.0=15701 (98.0%); 2.0=160 (1.0%); 1.0=104 (0.6%); -9.0=55 (0.3%); 3.0=5 (0.0%),4
GPMED15,5,0,0.0,-7.0=15753 (98.3%); 2.0=138 (0.9%); 1.0=84 (0.5%); -9.0=47 (0.3%); 3.0=3 (0.0%),4
GPMED16,5,0,0.0,-7.0=15801 (98.6%); 2.0=117 (0.7%); 1.0=61 (0.4%); -9.0=41 (0.3%); 3.0=5 (0.0%),4
GPMED17,5,0,0.0,-7.0=15834 (98.8%); 2.0=102 (0.6%); 1.0=53 (0.3%); -9.0=34 (0.2%); 3.0=2 (0.0%),4
GPMED18,5,0,0.0,-7.0=15870 (99.0%); 2.0=83 (0.5%); 1.0=43 (0.3%); -9.0=26 (0.2%); 3.0=3 (0.0%),4
GPMED19,5,0,0.0,-7.0=15902 (99.2%); 2.0=63 (0.4%); 1.0=33 (0.2%); -9.0=23 (0.1%); 3.0=4 (0.0%),4
GPMED20,5,0,0.0,-7.0=15917 (99.3%); 2.0=58 (0.4%); 1.0=32 (0.2%); -9.0=17 (0.1%); 3.0=1 (0.0%),4
GPMED21,4,0,0.0,-7.0=15945 (99.5%); 2.0=44 (0.3%); 1.0=21 (0.1%); -9.0=15 (0.1%),3
GPMED22,4,0,0.0,-7.0=15962 (99.6%); 2.0=38 (0.2%); 1.0=14 (0.1%); -9.0=11 (0.1%),3
GPMED23,5,0,0.0,-7.0=15971 (99.7%); 2.0=31 (0.2%); 1.0=15 (0.1%); -9.0=7 (0.0%); 3.0=1 (0.0%),4
GPMED24,5,0,0.0,-7.0=15988 (99.8%); 2.0=27 (0.2%); 1.0=7 (0.0%); -9.0=2 (0.0%); 3.0=1 (0.0%),4
GPMED25,4,0,0.0,-7.0=15996 (99.8%); 2.0=20 (0.1%); 1.0=6 (0.0%); -9.0=3 (0.0%),3
GPMED26,4,0,0.0,-7.0=16005 (99.9%); 2.0=14 (0.1%); 1.0=5 (0.0%); -9.0=1 (0.0%),3
GPMED27,4,0,0.0,-7.0=16011 (99.9%); 2.0=10 (0.1%); 1.0=3 (0.0%); -9.0=1 (0.0%),3
GPMED28,3,0,0.0,-7.0=16013 (99.9%); 2.0=11 (0.1%); 1.0=1 (0.0%),2
GPMED29,2,0,0.0,-7.0=16020 (100.0%); 2.0=5 (0.0%),1
GPMED30,2,0,0.0,-7.0=16024 (100.0%); 2.0=1 (0.0%),1
VITALSD,3,0,0.0,2.0=8187 (51.1%); 1.0=7372 (46.0%); -9.0=466 (2.9%),0
NOPROVID,2,0,0.0,0.0=15991 (99.8%); 1.0=34 (0.2%),1
ATTPHYS,2,0,0.0,1.0=13502 (84.3%); 0.0=2523 (15.7%),0
RESINT,2,0,0.0,0.0=13245 (82.7%); 1.0=2780 (17.3%),0
CONSULT,2,0,0.0,0.0=13709 (85.5%); 1.0=2316 (14.5%),0
RNLPN,2,0,0.0,1.0=14589 (91.0%); 0.0=1436 (9.0%),0
NURSEPR,2,0,0.0,0.0=14579 (91.0%); 1.0=1446 (9.0%),0
PHYSASST,2,0,0.0,0.0=13456 (84.0%); 1.0=2569 (16.0%),0
EMT,2,0,0.0,0.0=14511 (90.6%); 1.0=1514 (9.4%),0
MHPROV,2,0,0.0,0.0=15551 (97.0%); 1.0=474 (3.0%),0
OTHPROV,2,0,0.0,0.0=9798 (61.1%); 1.0=6227 (38.9%),0
NODISP,2,0,0.0,0.0=15919 (99.3%); 1.0=106 (0.7%),1
NOFU,2,0,0.0,0.0=14823 (92.5%); 1.0=1202 (7.5%),0
RETRNED,2,0,0.0,0.0=13963 (87.1%); 1.0=2062 (12.9%),0
RETREFFU,2,0,0.0,1.0=10824 (67.5%); 0.0=5201 (32.5%),0
LWBS,2,0,0.0,0.0=15698 (98.0%); 1.0=327 (2.0%),0
LBTC,2,0,0.0,0.0=15804 (98.6%); 1.0=221 (1.4%),0
LEFTAMA,2,0,0.0,0.0=15797 (98.6%); 1.0=228 (1.4%),0
DOA,2,0,0.0,0.0=16016 (99.9%); 1.0=9 (0.1%),1
DIEDED,2,0,0.0,0.0=15992 (99.8%); 1.0=33 (0.2%),1
TRANNH,2,0,0.0,0.0=15924 (99.4%); 1.0=101 (0.6%),1
TRANPSYC,2,0,0.0,0.0=15875 (99.1%); 1.0=150 (0.9%),1
TRANOTH,2,0,0.0,0.0=15819 (98.7%); 1.0=206 (1.3%),0
ADMITHOS,2,0,0.0,0.0=13904 (86.8%); 1.0=2121 (13.2%),0
OBSHOS,2,0,0.0,0.0=15848 (98.9%); 1.0=177 (1.1%),0
OBSDIS,2,0,0.0,0.0=15811 (98.7%); 1.0=214 (1.3%),0
OTHDISP,2,0,0.0,0.0=15715 (98.1%); 1.0=310 (1.9%),0
ADMIT,9,0,0.0,-7.0=13904 (86.8%); 6.0=1082 (6.8%); 1.0=347 (2.2%); -8.0=283 (1.8%); 3.0=153 (1.0%),5
ADMTPHYS,5,0,0.0,-7.0=13904 (86.8%); 1.0=1423 (8.9%); -8.0=443 (2.8%); 2.0=182 (1.1%); -9.0=73 (0.5%),1
HDDIAG1,597,0,0.0,-7=13904 (86.8%); -9=114 (0.7%); ZZZ2=67 (0.4%); R079=50 (0.3%); A419=44 (0.3%),596
HDDIAG2,320,0,0.0,-7=13904 (86.8%); -9=1497 (9.3%); N179=22 (0.1%); I10-=18 (0.1%); I509=15 (0.1%),318
HDDIAG3,213,0,0.0,-7=13904 (86.8%); -9=1757 (11.0%); I10-=28 (0.2%); N179=10 (0.1%); N189=8 (0.0%),211
HDDIAG4,127,0,0.0,-7=13904 (86.8%); -9=1924 (12.0%); I10-=20 (0.1%); U071=7 (0.0%); E119=5 (0.0%),125
HDDIAG5,71,0,0.0,-7=13904 (86.8%); -9=2020 (12.6%); I10-=7 (0.0%); E785=6 (0.0%); A419=4 (0.0%),69
HDSTAT,5,0,0.0,-7.0=13904 (86.8%); 1.0=2011 (12.5%); 2.0=59 (0.4%); -8.0=28 (0.2%); -9.0=23 (0.1%),3
ADISP,7,0,0.0,-7.0=13991 (87.3%); 1.0=1636 (10.2%); 2.0=153 (1.0%); 3.0=143 (0.9%); 4.0=46 (0.3%),5
STAY24,3,0,0.0,2.0=14986 (93.5%); 3.0=623 (3.9%); 1.0=416 (2.6%),0
AGEFL,3,0,0.0,0.0=15916 (99.3%); 1.0=107 (0.7%); -9.0=2 (0.0%),2
BDATEFL,2,0,0.0,0.0=16017 (100.0%); 1.0=8 (0.0%),1
SEXFL,2,0,0.0,0.0=16003 (99.9%); 1.0=22 (0.1%),1
ETHNICFL,2,0,0.0,0.0=13691 (85.4%); 1.0=2334 (14.6%),0
RACERFL,2,0,0.0,0.0=13003 (81.1%); 1.0=3022 (18.9%),0
EMRED,3,0,0.0,1.0=14366 (89.6%); 2.0=1303 (8.1%); -8.0=356 (2.2%),0
HHSMUE,4,0,0.0,1.0=15425 (96.3%); -7.0=356 (2.2%); 2.0=152 (0.9%); -8.0=92 (0.6%),2
EHRINSE,4,0,0.0,2.0=14205 (88.6%); 1.0=1099 (6.9%); -8.0=503 (3.1%); 3.0=218 (1.4%),0
EDPRIM,5,0,0.0,1.0=7348 (45.9%); 2.0=4533 (28.3%); 4.0=1917 (12.0%); -8.0=1677 (10.5%); 3.0=550 (3.4%),0
EDINFO,3,0,0.0,1.0=12134 (75.7%); 2.0=2522 (15.7%); -8.0=1369 (8.5%),0
OBSCLIN,3,0,0.0,2.0=8140 (50.8%); 1.0=6938 (43.3%); -8.0=947 (5.9%),0
OBSSEP,4,0,0.0,-7.0=9087 (56.7%); 1.0=3817 (23.8%); 2.0=2962 (18.5%); -8.0=159 (1.0%),1
OBSPHYSED,3,0,0.0,-7.0=9087 (56.7%); 1.0=4776 (29.8%); 0.0=2162 (13.5%),0
OBSHOSP,3,0,0.0,-7.0=9087 (56.7%); 1.0=3901 (24.3%); 0.0=3037 (19.0%),0
OBSPHYSOT,3,0,0.0,-7.0=9087 (56.7%); 0.0=5102 (31.8%); 1.0=1836 (11.5%),0
OBSPHYSUN,3,0,0.0,-7.0=9087 (56.7%); 0.0=6740 (42.1%); 1.0=198 (1.2%),0
BOARD,3,0,0.0,1.0=14148 (88.3%); 2.0=1184 (7.4%); -8.0=693 (4.3%),0
BOARDHOS,3,0,0.0,2.0=9393 (58.6%); 1.0=5525 (34.5%); -8.0=1107 (6.9%),0
AMBDIV,3,0,0.0,1.0=7387 (46.1%); 2.0=6649 (41.5%); -8.0=1989 (12.4%),0
TOTHRDIVR,5,0,0.0,-7.0=8638 (53.9%); 2.0=2248 (14.0%); 4.0=2184 (13.6%); -8.0=1848 (11.5%); 3.0=1107 (6.9%),0
REGDIV,4,0,0.0,-7.0=8638 (53.9%); 1.0=4115 (25.7%); 2.0=2922 (18.2%); -8.0=350 (2.2%),0
ADMDIV,4,0,0.0,-7.0=8638 (53.9%); 1.0=6808 (42.5%); 2.0=390 (2.4%); -8.0=189 (1.2%),0
INCSHX,3,0,0.0,2.0=12438 (77.6%); 1.0=3157 (19.7%); -8.0=430 (2.7%),0
INCPHYS,3,0,0.0,2.0=13189 (82.3%); 1.0=2121 (13.2%); -8.0=715 (4.5%),0
EXPSPACE,3,0,0.0,2.0=11828 (73.8%); 1.0=2842 (17.7%); -8.0=1355 (8.5%),0
BEDREG,3,0,0.0,1.0=13611 (84.9%); 2.0=1696 (10.6%); -8.0=718 (4.5%),0
KIOSELCHK,3,0,0.0,2.0=13536 (84.5%); 1.0=1736 (10.8%); -8.0=753 (4.7%),0
CATRIAGE,3,0,0.0,2.0=8197 (51.2%); 1.0=6856 (42.8%); -8.0=972 (6.1%),0
IMBED,3,0,0.0,1.0=11693 (73.0%); 2.0=3630 (22.7%); -8.0=702 (4.4%),0
ADVTRIAG,3,0,0.0,1.0=12345 (77.0%); 2.0=2165 (13.5%); -8.0=1515 (9.5%),0
PHYSPRACTRIA,3,0,0.0,1.0=8639 (53.9%); 2.0=6668 (41.6%); -8.0=718 (4.5%),0
FASTTRAK,3,0,0.0,1.0=8411 (52.5%); 2.0=6601 (41.2%); -8.0=1013 (6.3%),0
EDPTOR,3,0,0.0,2.0=12742 (79.5%); 1.0=2655 (16.6%); -8.0=628 (3.9%),0
DASHBORD,3,0,0.0,1.0=13657 (85.2%); 2.0=1404 (8.8%); -8.0=964 (6.0%),0
RFID,3,0,0.0,2.0=9996 (62.4%); 1.0=5101 (31.8%); -8.0=928 (5.8%),0
WIRELESS,3,0,0.0,1.0=11702 (73.0%); 2.0=3349 (20.9%); -8.0=974 (6.1%),0
ZONENURS,3,0,0.0,1.0=11059 (69.0%); 2.0=3915 (24.4%); -8.0=1051 (6.6%),0
POOLNURS,3,0,0.0,1.0=8784 (54.8%); 2.0=5878 (36.7%); -8.0=1363 (8.5%),0
SURGDAY,9,0,0.0,5.0=10609 (66.2%); 7.0=2058 (12.8%); 6.0=1147 (7.2%); -8.0=828 (5.2%); 0.0=654 (4.1%),1
BEDCZAR,4,0,0.0,1.0=12048 (75.2%); 2.0=3457 (21.6%); -8.0=334 (2.1%); -9.0=186 (1.2%),0
BEDDATA,8,0,0.0,1.0=13547 (84.5%); 5.0=1146 (7.2%); 2.0=378 (2.4%); -8.0=345 (2.2%); 4.0=208 (1.3%),2
HLIST,4,0,0.0,1.0=14935 (93.2%); 2.0=813 (5.1%); -9.0=186 (1.2%); -8.0=91 (0.6%),1
HLISTED,4,0,0.0,1.0=14037 (87.6%); -7.0=1090 (6.8%); 2.0=800 (5.0%); -8.0=98 (0.6%),1
EMEDRES,4,0,0.0,2.0=8447 (52.7%); 1.0=6898 (43.0%); -8.0=494 (3.1%); -9.0=186 (1.2%),0
REGION,4,0,0.0,2.0=4512 (28.2%); 3.0=4124 (25.7%); 4.0=3930 (24.5%); 1.0=3459 (21.6%),0
MSA,2,0,0.0,1.0=14169 (88.4%); 2.0=1856 (11.6%),0
DRUGID1,541,0,0.0,=3634 (22.7%); d00438=1562 (9.7%); d00049=1412 (8.8%); d00015=821 (5.1%); d00867=670 (4.2%),528
PRESCR1,4,3634,22.68,1.0=6846 (55.2%); 5.0=5278 (42.6%); 2.0=178 (1.4%); 3.0=89 (0.7%),1
CONTSUB1,7,3634,22.68,6.0=11225 (90.6%); 2.0=748 (6.0%); 4.0=269 (2.2%); 7.0=101 (0.8%); 8.0=29 (0.2%),4
COMSTAT1,3,3634,22.68,1.0=11253 (90.8%); 2.0=1032 (8.3%); 3.0=106 (0.9%),1
RX1CAT1,217,0,0.0,=3634 (22.7%); 117=1824 (11.4%); 059=1413 (8.8%); 061=1369 (8.5%); 195=670 (4.2%),201
RX1CAT2,50,0,0.0,=13073 (81.6%); 129=1562 (9.7%); 385=300 (1.9%); 198=197 (1.2%); 211=189 (1.2%),44
RX1CAT3,8,0,0.0,=15663 (97.7%); 197=149 (0.9%); 203=144 (0.9%); 433=38 (0.2%); 204=22 (0.1%),7
RX1CAT4,3,0,0.0,=15875 (99.1%); 205=149 (0.9%); 445=1 (0.0%),2
RX1V1C1,22,0,0.0,057=5255 (32.8%); =3634 (22.7%); 115=1918 (12.0%); 001=1399 (8.7%); 122=621 (3.9%),9
RX1V1C2,16,0,0.0,=13073 (81.6%); 122=1818 (11.3%); 040=370 (2.3%); 057=256 (1.6%); 081=189 (1.2%),11
RX1V1C3,5,0,0.0,=15663 (97.7%); 057=315 (2.0%); 040=42 (0.3%); 097=4 (0.0%); 105=1 (0.0%),3
RX1V1C4,3,0,0.0,=15875 (99.1%); 057=149 (0.9%); 254=1 (0.0%),2
RX1V2C1,121,0,0.0,058=3794 (23.7%); =3706 (23.1%); 117=1824 (11.4%); 065=733 (4.6%); 009=467 (2.9%),109
RX1V2C2,39,0,0.0,=13073 (81.6%); 129=1562 (9.7%); 046=331 (2.1%); 065=216 (1.3%); 083=189 (1.2%),33
RX1V2C3,7,0,0.0,=15663 (97.7%); 064=166 (1.0%); 065=149 (0.9%); 433=38 (0.2%); 430=4 (0.0%),5
RX1V2C4,3,0,0.0,=15875 (99.1%); 066=149 (0.9%); 104=1 (0.0%),2
RX1V3C1,129,0,0.0,=7639 (47.7%); 059=1413 (8.8%); 061=1369 (8.5%); 195=670 (4.2%); 060=488 (3.0%),115
RX1V3C2,28,0,0.0,=15062 (94.0%); 385=300 (1.9%); 198=197 (1.2%); 211=189 (1.2%); 239=75 (0.5%),24
RX1V3C3,5,0,0.0,=15706 (98.0%); 197=149 (0.9%); 203=144 (0.9%); 204=22 (0.1%); 185=4 (0.0%),4
RX1V3C4,3,0,0.0,=15875 (99.1%); 205=149 (0.9%); 445=1 (0.0%),2
DRUGID2,531,0,0.0,=6885 (43.0%); d00438=757 (4.7%); d00049=677 (4.2%); d00867=663 (4.1%); d00015=580 (3.6%),522
PRESCR2,4,6885,42.96,1.0=5512 (60.3%); 5.0=3397 (37.2%); 2.0=142 (1.6%); 3.0=89 (1.0%),1
CONTSUB2,7,6885,42.96,6.0=8240 (90.2%); 2.0=550 (6.0%); 4.0=225 (2.5%); 7.0=93 (1.0%); 8.0=18 (0.2%),3
COMSTAT2,3,6885,42.96,1.0=8381 (91.7%); 2.0=667 (7.3%); 3.0=92 (1.0%),0
RX2CAT1,206,0,0.0,=6885 (43.0%); 061=1030 (6.4%); 117=924 (5.8%); 059=677 (4.2%); 195=663 (4.1%),192
RX2CAT2,53,0,0.0,=14093 (87.9%); 129=757 (4.7%); 385=202 (1.3%); 198=161 (1.0%); 123=152 (0.9%),49
RX2CAT3,9,0,0.0,=15745 (98.3%); 197=125 (0.8%); 203=87 (0.5%); 433=37 (0.2%); 204=25 (0.2%),8
RX2CAT4,4,0,0.0,=15898 (99.2%); 205=125 (0.8%); 433=1 (0.0%); 445=1 (0.0%),3
RX2V1C1,22,0,0.0,=6885 (43.0%); 057=3818 (23.8%); 115=1053 (6.6%); 001=1053 (6.6%); 087=524 (3.3%),11
RX2V1C2,16,0,0.0,=14093 (87.9%); 122=966 (6.0%); 040=275 (1.7%); 057=253 (1.6%); 081=126 (0.8%),12
RX2V1C3,7,0,0.0,=15745 (98.3%); 057=237 (1.5%); 040=37 (0.2%); 097=2 (0.0%); 113=2 (0.0%),5
RX2V1C4,4,0,0.0,=15898 (99.2%); 057=125 (0.8%); 040=1 (0.0%); 254=1 (0.0%),3
RX2V2C1,112,0,0.0,=6948 (43.4%); 058=2441 (15.2%); 117=924 (5.8%); 065=728 (4.5%); 067=358 (2.2%),100
RX2V2C2,41,0,0.0,=14093 (87.9%); 129=757 (4.7%); 046=235 (1.5%); 065=197 (1.2%); 123=152 (0.9%),37
RX2V2C3,8,0,0.0,=15745 (98.3%); 065=125 (0.8%); 064=112 (0.7%); 433=37 (0.2%); 101=2 (0.0%),7
RX2V2C4,4,0,0.0,=15898 (99.2%); 066=125 (0.8%); 433=1 (0.0%); 104=1 (0.0%),3
RX2V3C1,126,0,0.0,=9810 (61.2%); 061=1030 (6.4%); 059=677 (4.2%); 195=663 (4.1%); 060=421 (2.6%),114
RX2V3C2,28,0,0.0,=15242 (95.1%); 385=202 (1.3%); 198=161 (1.0%); 211=125 (0.8%); 239=63 (0.4%),25
RX2V3C3,6,0,0.0,=15785 (98.5%); 197=125 (0.8%); 203=87 (0.5%); 204=25 (0.2%); 185=2 (0.0%),5
RX2V3C4,3,0,0.0,=15899 (99.2%); 205=125 (0.8%); 445=1 (0.0%),2
DRUGID3,503,0,0.0,=9709 (60.6%); d00438=514 (3.2%); d00867=428 (2.7%); d00049=319 (2.0%); d00015=257 (1.6%),497
PRESCR3,4,9709,60.59,1.0=3967 (62.8%); 5.0=2183 (34.6%); 2.0=126 (2.0%); 3.0=40 (0.6%),1
CONTSUB3,7,9709,60.59,6.0=5691 (90.1%); 2.0=373 (5.9%); 4.0=176 (2.8%); 7.0=43 (0.7%); 3.0=16 (0.3%),4
COMSTAT3,3,9709,60.59,1.0=5800 (91.8%); 2.0=470 (7.4%); 3.0=46 (0.7%),1
RX3CAT1,196,0,0.0,=9709 (60.6%); 117=690 (4.3%); 061=527 (3.3%); 195=428 (2.7%); 059=319 (2.0%),187
RX3CAT2,53,0,0.0,=14625 (91.3%); 129=514 (3.2%); 385=158 (1.0%); 123=140 (0.9%); 198=117 (0.7%),51
RX3CAT3,8,0,0.0,=15786 (98.5%); 197=114 (0.7%); 203=69 (0.4%); 204=31 (0.2%); 433=14 (0.1%),7
RX3CAT4,2,0,0.0,=15911 (99.3%); 205=114 (0.7%),1
RX3V1C1,21,0,0.0,=9709 (60.6%); 057=2339 (14.6%); 115=788 (4.9%); 001=717 (4.5%); 087=454 (2.8%),10
RX3V1C2,15,0,0.0,=14625 (91.3%); 122=677 (4.2%); 040=204 (1.3%); 057=187 (1.2%); 081=74 (0.5%),11
RX3V1C3,5,0,0.0,=15786 (98.5%); 057=214 (1.3%); 040=16 (0.1%); 113=8 (0.0%); 097=1 (0.0%),3
RX3V1C4,2,0,0.0,=15911 (99.3%); 057=114 (0.7%),1
RX3V2C1,110,0,0.0,=9737 (60.8%); 058=1345 (8.4%); 117=690 (4.3%); 065=473 (3.0%); 067=307 (1.9%),100
RX3V2C2,41,0,0.0,=14625 (91.3%); 129=514 (3.2%); 046=175 (1.1%); 065=145 (0.9%); 123=140 (0.9%),38
RX3V2C3,7,0,0.0,=15786 (98.5%); 065=114 (0.7%); 064=100 (0.6%); 433=14 (0.1%); 265=8 (0.0%),6
RX3V2C4,2,0,0.0,=15911 (99.3%); 066=114 (0.7%),1
RX3V3C1,121,0,0.0,=11875 (74.1%); 061=527 (3.3%); 195=428 (2.7%); 059=319 (2.0%); 060=290 (1.8%),114
RX3V3C2,28,0,0.0,=15473 (96.6%); 385=158 (1.0%); 198=117 (0.7%); 211=74 (0.5%); 239=41 (0.3%),27
RX3V3C3,5,0,0.0,=15810 (98.7%); 197=114 (0.7%); 203=69 (0.4%); 204=31 (0.2%); 185=1 (0.0%),4
RX3V3C4,2,0,0.0,=15911 (99.3%); 205=114 (0.7%),1
DRUGID4,457,0,0.0,=11771 (73.5%); d00438=291 (1.8%); d00867=212 (1.3%); d00049=171 (1.1%); d00015=152 (0.9%),453
PRESCR4,4,11771,73.45,1.0=2708 (63.7%); 5.0=1431 (33.6%); 2.0=74 (1.7%); 3.0=41 (1.0%),1
CONTSUB4,7,11771,73.45,6.0=3810 (89.6%); 2.0=268 (6.3%); 4.0=109 (2.6%); 7.0=43 (1.0%); 8.0=9 (0.2%),3
COMSTAT4,3,11771,73.45,1.0=3897 (91.6%); 2.0=312 (7.3%); 3.0=45 (1.1%),0
RX4CAT1,194,0,0.0,=11771 (73.5%); 117=397 (2.5%); 061=324 (2.0%); 060=222 (1.4%); 195=212 (1.3%),188
RX4CAT2,45,0,0.0,=15129 (94.4%); 129=291 (1.8%); 385=93 (0.6%); 123=86 (0.5%); 198=77 (0.5%),43
RX4CAT3,8,0,0.0,=15876 (99.1%); 197=64 (0.4%); 203=45 (0.3%); 204=16 (0.1%); 433=15 (0.1%),7
RX4CAT4,3,0,0.0,=15960 (99.6%); 205=64 (0.4%); 433=1 (0.0%),2
RX4V1C1,22,0,0.0,=11771 (73.5%); 057=1448 (9.0%); 115=524 (3.3%); 001=462 (2.9%); 087=349 (2.2%),15
RX4V1C2,15,0,0.0,=15129 (94.4%); 122=398 (2.5%); 040=138 (0.9%); 057=116 (0.7%); 081=58 (0.4%),13
RX4V1C3,5,0,0.0,=15876 (99.1%); 057=125 (0.8%); 040=19 (0.1%); 113=4 (0.0%); 331=1 (0.0%),4
RX4V1C4,3,0,0.0,=15960 (99.6%); 057=64 (0.4%); 040=1 (0.0%),2
RX4V2C1,113,0,0.0,=11792 (73.6%); 058=863 (5.4%); 117=397 (2.5%); 065=243 (1.5%); 067=194 (1.2%),108
RX4V2C2,36,0,0.0,=15129 (94.4%); 129=291 (1.8%); 046=111 (0.7%); 065=96 (0.6%); 123=86 (0.5%),34
RX4V2C3,7,0,0.0,=15876 (99.1%); 065=64 (0.4%); 064=61 (0.4%); 433=15 (0.1%); 430=4 (0.0%),6
RX4V2C4,3,0,0.0,=15960 (99.6%); 066=64 (0.4%); 433=1 (0.0%),2
RX4V3C1,114,0,0.0,=13313 (83.1%); 061=324 (2.0%); 060=222 (1.4%); 195=212 (1.3%); 059=171 (1.1%),109
RX4V3C2,24,0,0.0,=15652 (97.7%); 385=93 (0.6%); 198=77 (0.5%); 211=57 (0.4%); 239=34 (0.2%),23
RX4V3C3,5,0,0.0,=15899 (99.2%); 197=64 (0.4%); 203=45 (0.3%); 204=16 (0.1%); 374=1 (0.0%),4
RX4V3C4,2,0,0.0,=15961 (99.6%); 205=64 (0.4%),1
DRUGID5,416,0,0.0,=13149 (82.1%); d00438=175 (1.1%); d00867=129 (0.8%); d00049=102 (0.6%); d00273=75 (0.5%),414
PRESCR5,4,13149,82.05,1.0=1879 (65.3%); 5.0=918 (31.9%); 2.0=54 (1.9%); 3.0=25 (0.9%),1
CONTSUB5,7,13149,82.05,6.0=2578 (89.6%); 2.0=177 (6.2%); 4.0=70 (2.4%); 7.0=27 (0.9%); 3.0=11 (0.4%),4
COMSTAT5,3,13149,82.05,1.0=2638 (91.7%); 2.0=211 (7.3%); 3.0=27 (0.9%),1
RX5CAT1,191,0,0.0,=13149 (82.1%); 117=260 (1.6%); 061=180 (1.1%); 060=135 (0.8%); 195=129 (0.8%),188
RX5CAT2,41,0,0.0,=15463 (96.5%); 129=175 (1.1%); 198=53 (0.3%); 385=47 (0.3%); 117=40 (0.2%),39
RX5CAT3,7,0,0.0,=15923 (99.4%); 203=30 (0.2%); 197=29 (0.2%); 204=25 (0.2%); 433=11 (0.1%),6
RX5CAT4,3,0,0.0,=15995 (99.8%); 205=29 (0.2%); 445=1 (0.0%),2
RX5V1C1,20,0,0.0,=13149 (82.1%); 057=899 (5.6%); 115=376 (2.3%); 087=275 (1.7%); 001=262 (1.6%),14
RX5V1C2,14,0,0.0,=15463 (96.5%); 122=231 (1.4%); 057=84 (0.5%); 040=78 (0.5%); 115=45 (0.3%),12
RX5V1C3,5,0,0.0,=15923 (99.4%); 057=84 (0.5%); 040=11 (0.1%); 113=6 (0.0%); 105=1 (0.0%),4
RX5V1C4,3,0,0.0,=15995 (99.8%); 057=29 (0.2%); 254=1 (0.0%),2
RX5V2C1,112,0,0.0,=13169 (82.2%); 058=528 (3.3%); 117=260 (1.6%); 065=155 (1.0%); 067=103 (0.6%),109
RX5V2C2,33,0,0.0,=15463 (96.5%); 129=175 (1.1%); 065=64 (0.4%); 046=58 (0.4%); 117=40 (0.2%),31
RX5V2C3,6,0,0.0,=15923 (99.4%); 064=55 (0.3%); 065=29 (0.2%); 433=11 (0.1%); 265=6 (0.0%),5
RX5V2C4,3,0,0.0,=15995 (99.8%); 066=29 (0.2%); 104=1 (0.0%),2
RX5V3C1,115,0,0.0,=14267 (89.0%); 061=180 (1.1%); 060=135 (0.8%); 195=129 (0.8%); 059=102 (0.6%),113
RX5V3C2,20,0,0.0,=15804 (98.6%); 198=53 (0.3%); 385=47 (0.3%); 211=34 (0.2%); 210=20 (0.1%),19
RX5V3C3,4,0,0.0,=15941 (99.5%); 203=30 (0.2%); 197=29 (0.2%); 204=25 (0.2%),3
RX5V3C4,3,0,0.0,=15995 (99.8%); 205=29 (0.2%); 445=1 (0.0%),2
DRUGID6,391,0,0.0,=14031 (87.6%); d00867=91 (0.6%); d00438=90 (0.6%); d00049=57 (0.4%); d00015=42 (0.3%),390
PRESCR6,4,14031,87.56,1.0=1289 (64.6%); 5.0=638 (32.0%); 2.0=53 (2.7%); 3.0=14 (0.7%),1
CONTSUB6,7,14031,87.56,6.0=1803 (90.4%); 2.0=116 (5.8%); 4.0=52 (2.6%); 7.0=16 (0.8%); 3.0=3 (0.2%),4
COMSTAT6,3,14031,87.56,1.0=1811 (90.8%); 2.0=167 (8.4%); 3.0=16 (0.8%),1
RX6CAT1,181,0,0.0,=14031 (87.6%); 117=152 (0.9%); 061=97 (0.6%); 195=91 (0.6%); 060=74 (0.5%),180
RX6CAT2,46,0,0.0,=15647 (97.6%); 129=90 (0.6%); 198=40 (0.2%); 123=34 (0.2%); 385=33 (0.2%),45
RX6CAT3,8,0,0.0,=15952 (99.5%); 197=24 (0.1%); 203=22 (0.1%); 204=10 (0.1%); 433=9 (0.1%),7
RX6CAT4,3,0,0.0,=16000 (99.8%); 205=24 (0.1%); 445=1 (0.0%),2
RX6V1C1,21,0,0.0,=14031 (87.6%); 057=588 (3.7%); 115=243 (1.5%); 087=200 (1.2%); 001=181 (1.1%),16
RX6V1C2,15,0,0.0,=15647 (97.6%); 122=137 (0.9%); 057=64 (0.4%); 040=51 (0.3%); 115=27 (0.2%),14
RX6V1C3,5,0,0.0,=15952 (99.5%); 057=56 (0.3%); 040=10 (0.1%); 113=6 (0.0%); 105=1 (0.0%),4
RX6V1C4,3,0,0.0,=16000 (99.8%); 057=24 (0.1%); 254=1 (0.0%),2
RX6V2C1,106,0,0.0,=14044 (87.6%); 058=302 (1.9%); 117=152 (0.9%); 065=104 (0.6%); 067=94 (0.6%),104
RX6V2C2,38,0,0.0,=15647 (97.6%); 129=90 (0.6%); 065=48 (0.3%); 046=41 (0.3%); 123=34 (0.2%),37
RX6V2C3,7,0,0.0,=15952 (99.5%); 064=32 (0.2%); 065=24 (0.1%); 433=9 (0.1%); 265=6 (0.0%),6
RX6V2C4,3,0,0.0,=16000 (99.8%); 066=24 (0.1%); 104=1 (0.0%),2
RX6V3C1,108,0,0.0,=14826 (92.5%); 061=97 (0.6%); 195=91 (0.6%); 060=74 (0.5%); 059=57 (0.4%),107
RX6V3C2,21,0,0.0,=15857 (99.0%); 198=40 (0.2%); 385=33 (0.2%); 211=21 (0.1%); 203=15 (0.1%),20
RX6V3C3,4,0,0.0,=15969 (99.7%); 197=24 (0.1%); 203=22 (0.1%); 204=10 (0.1%),3
RX6V3C4,3,0,0.0,=16000 (99.8%); 205=24 (0.1%); 445=1 (0.0%),2
DRUGID7,345,0,0.0,=14570 (90.9%); d00438=61 (0.4%); d00867=52 (0.3%); d00049=39 (0.2%); d00015=31 (0.2%),344
PRESCR7,4,14570,90.92,1.0=927 (63.7%); 5.0=482 (33.1%); 2.0=36 (2.5%); 3.0=10 (0.7%),1
CONTSUB7,7,14570,90.92,6.0=1325 (91.1%); 2.0=78 (5.4%); 4.0=36 (2.5%); 7.0=10 (0.7%); 3.0=2 (0.1%),4
COMSTAT7,3,14570,90.92,1.0=1347 (92.6%); 2.0=98 (6.7%); 3.0=10 (0.7%),1
RX7CAT1,164,0,0.0,=14570 (90.9%); 117=111 (0.7%); 061=56 (0.3%); 060=55 (0.3%); 195=52 (0.3%),163
RX7CAT2,41,0,0.0,=15759 (98.3%); 129=61 (0.4%); 198=24 (0.1%); 117=23 (0.1%); 385=23 (0.1%),40
RX7CAT3,7,0,0.0,=15977 (99.7%); 203=15 (0.1%); 204=12 (0.1%); 197=12 (0.1%); 433=4 (0.0%),6
RX7CAT4,3,0,0.0,=16012 (99.9%); 205=12 (0.1%); 445=1 (0.0%),2
RX7V1C1,19,0,0.0,=14570 (90.9%); 057=396 (2.5%); 115=192 (1.2%); 087=166 (1.0%); 040=142 (0.9%),15
RX7V1C2,15,0,0.0,=15759 (98.3%); 122=86 (0.5%); 057=45 (0.3%); 040=43 (0.3%); 115=26 (0.2%),14
RX7V1C3,5,0,0.0,=15977 (99.7%); 057=39 (0.2%); 040=4 (0.0%); 113=4 (0.0%); 105=1 (0.0%),4
RX7V1C4,3,0,0.0,=16012 (99.9%); 057=12 (0.1%); 254=1 (0.0%),2
RX7V2C1,102,0,0.0,=14576 (91.0%); 058=208 (1.3%); 117=111 (0.7%); 065=62 (0.4%); 067=61 (0.4%),100
RX7V2C2,32,0,0.0,=15759 (98.3%); 129=61 (0.4%); 065=36 (0.2%); 046=36 (0.2%); 117=23 (0.1%),31
RX7V2C3,6,0,0.0,=15977 (99.7%); 064=27 (0.2%); 065=12 (0.1%); 433=4 (0.0%); 265=4 (0.0%),5
RX7V2C4,3,0,0.0,=16012 (99.9%); 066=12 (0.1%); 104=1 (0.0%),2
RX7V3C1,96,0,0.0,=15186 (94.8%); 061=56 (0.3%); 060=55 (0.3%); 195=52 (0.3%); 059=39 (0.2%),95
RX7V3C2,22,0,0.0,=15902 (99.2%); 198=24 (0.1%); 385=23 (0.1%); 211=17 (0.1%); 196=11 (0.1%),21
RX7V3C3,4,0,0.0,=15986 (99.8%); 203=15 (0.1%); 204=12 (0.1%); 197=12 (0.1%),3
RX7V3C4,3,0,0.0,=16012 (99.9%); 205=12 (0.1%); 445=1 (0.0%),2
DRUGID8,309,0,0.0,=14958 (93.3%); d00438=28 (0.2%); d00867=26 (0.2%); d00049=25 (0.2%); d00015=22 (0.1%),308
PRESCR8,4,14958,93.34,1.0=695 (65.1%); 5.0=340 (31.9%); 2.0=26 (2.4%); 3.0=6 (0.6%),1
CONTSUB8,6,14958,93.34,6.0=982 (92.0%); 2.0=54 (5.1%); 4.0=21 (2.0%); 7.0=6 (0.6%); 3.0=2 (0.2%),3
COMSTAT8,3,14958,93.34,1.0=996 (93.3%); 2.0=66 (6.2%); 3.0=5 (0.5%),1
RX8CAT1,156,0,0.0,=14958 (93.3%); 117=64 (0.4%); 061=45 (0.3%); 095=36 (0.2%); 272=35 (0.2%),155
RX8CAT2,42,0,0.0,=15849 (98.9%); 129=28 (0.2%); 211=15 (0.1%); 123=15 (0.1%); 385=14 (0.1%),41
RX8CAT3,8,0,0.0,=16002 (99.9%); 197=8 (0.0%); 203=5 (0.0%); 433=3 (0.0%); 204=3 (0.0%),7
RX8CAT4,2,0,0.0,=16017 (100.0%); 205=8 (0.0%),1
RX8V1C1,20,0,0.0,=14958 (93.3%); 057=261 (1.6%); 087=124 (0.8%); 115=114 (0.7%); 040=103 (0.6%),18
RX8V1C2,16,0,0.0,=15849 (98.9%); 122=46 (0.3%); 040=34 (0.2%); 057=23 (0.1%); 081=15 (0.1%),15
RX8V1C3,5,0,0.0,=16002 (99.9%); 057=16 (0.1%); 040=4 (0.0%); 113=2 (0.0%); 097=1 (0.0%),4
RX8V1C4,2,0,0.0,=16017 (100.0%); 057=8 (0.0%),1
RX8V2C1,101,0,0.0,=14966 (93.4%); 058=145 (0.9%); 117=64 (0.4%); 067=47 (0.3%); 099=45 (0.3%),100
RX8V2C2,35,0,0.0,=15849 (98.9%); 129=28 (0.2%); 046=19 (0.1%); 083=15 (0.1%); 065=15 (0.1%),34
RX8V2C3,7,0,0.0,=16002 (99.9%); 064=8 (0.0%); 065=8 (0.0%); 433=3 (0.0%); 265=2 (0.0%),6
RX8V2C4,2,0,0.0,=16017 (100.0%); 066=8 (0.0%),1
RX8V3C1,88,0,0.0,=15418 (96.2%); 061=45 (0.3%); 060=32 (0.2%); 070=30 (0.2%); 173=28 (0.2%),87
RX8V3C2,20,0,0.0,=15951 (99.5%); 211=15 (0.1%); 385=14 (0.1%); 196=8 (0.0%); 198=7 (0.0%),19
RX8V3C3,5,0,0.0,=16008 (99.9%); 197=8 (0.0%); 203=5 (0.0%); 204=3 (0.0%); 185=1 (0.0%),4
RX8V3C4,2,0,0.0,=16017 (100.0%); 205=8 (0.0%),1
DRUGID9,281,0,0.0,=15193 (94.8%); d00867=27 (0.2%); d00438=22 (0.1%); d00134=18 (0.1%); d00049=16 (0.1%),280
PRESCR9,4,15193,94.81,1.0=556 (66.8%); 5.0=246 (29.6%); 2.0=25 (3.0%); 3.0=5 (0.6%),1
CONTSUB9,7,15193,94.81,6.0=768 (92.3%); 2.0=32 (3.8%); 4.0=24 (2.9%); 7.0=5 (0.6%); 5.0=1 (0.1%),4
COMSTAT9,3,15193,94.81,1.0=767 (92.2%); 2.0=60 (7.2%); 3.0=5 (0.6%),1
RX9CAT1,150,0,0.0,=15193 (94.8%); 117=48 (0.3%); 119=40 (0.2%); 095=31 (0.2%); 195=27 (0.2%),149
RX9CAT2,31,0,0.0,=15896 (99.2%); 129=22 (0.1%); 198=16 (0.1%); 211=14 (0.1%); 385=8 (0.0%),30
RX9CAT3,6,0,0.0,=16003 (99.9%); 203=14 (0.1%); 197=3 (0.0%); 204=3 (0.0%); 185=1 (0.0%),5
RX9CAT4,2,0,0.0,=16022 (100.0%); 205=3 (0.0%),1
RX9V1C1,20,0,0.0,=15193 (94.8%); 057=196 (1.2%); 115=112 (0.7%); 040=96 (0.6%); 087=85 (0.5%),18
RX9V1C2,13,0,0.0,=15896 (99.2%); 122=33 (0.2%); 057=26 (0.2%); 040=15 (0.1%); 081=14 (0.1%),12
RX9V1C3,4,0,0.0,=16003 (99.9%); 057=20 (0.1%); 097=1 (0.0%); 040=1 (0.0%),3
RX9V1C4,2,0,0.0,=16022 (100.0%); 057=3 (0.0%),1
RX9V2C1,96,0,0.0,=15195 (94.8%); 058=91 (0.6%); 117=48 (0.3%); 119=40 (0.2%); 067=38 (0.2%),95
RX9V2C2,26,0,0.0,=15896 (99.2%); 129=22 (0.1%); 065=19 (0.1%); 083=14 (0.1%); 046=12 (0.1%),25
RX9V2C3,5,0,0.0,=16003 (99.9%); 064=17 (0.1%); 065=3 (0.0%); 101=1 (0.0%); 433=1 (0.0%),4
RX9V2C4,2,0,0.0,=16022 (100.0%); 066=3 (0.0%),1
RX9V3C1,88,0,0.0,=15537 (97.0%); 195=27 (0.2%); 061=25 (0.2%); 069=22 (0.1%); 173=20 (0.1%),87
RX9V3C2,17,0,0.0,=15955 (99.6%); 198=16 (0.1%); 211=14 (0.1%); 385=8 (0.0%); 203=7 (0.0%),16
RX9V3C3,5,0,0.0,=16004 (99.9%); 203=14 (0.1%); 197=3 (0.0%); 204=3 (0.0%); 185=1 (0.0%),4
RX9V3C4,2,0,0.0,=16022 (100.0%); 205=3 (0.0%),1
DRUGID10,257,0,0.0,=15379 (96.0%); d00438=16 (0.1%); d00049=14 (0.1%); d00345=13 (0.1%); d00867=12 (0.1%),256
PRESCR10,5,15379,95.97,1.0=431 (66.7%); 5.0=192 (29.7%); 2.0=19 (2.9%); 3.0=3 (0.5%); 4.0=1 (0.2%),2
CONTSUB10,7,15379,95.97,6.0=602 (93.2%); 2.0=21 (3.3%); 4.0=15 (2.3%); 7.0=3 (0.5%); 3.0=2 (0.3%),4
COMSTAT10,3,15379,95.97,1.0=607 (94.0%); 2.0=35 (5.4%); 3.0=4 (0.6%),1
RX10CAT1,133,0,0.0,=15379 (96.0%); 117=45 (0.3%); 095=24 (0.1%); 272=23 (0.1%); 070=20 (0.1%),132
RX10CAT2,29,0,0.0,=15916 (99.3%); 129=16 (0.1%); 198=10 (0.1%); 123=9 (0.1%); 117=9 (0.1%),28
RX10CAT3,7,0,0.0,=16005 (99.9%); 203=7 (0.0%); 197=5 (0.0%); 430=3 (0.0%); 265=2 (0.0%),6
RX10CAT4,3,0,0.0,=16019 (100.0%); 205=5 (0.0%); 445=1 (0.0%),2
RX10V1C1,19,0,0.0,=15379 (96.0%); 057=144 (0.9%); 087=80 (0.5%); 115=75 (0.5%); 040=72 (0.4%),18
RX10V1C2,14,0,0.0,=15916 (99.3%); 122=30 (0.2%); 040=20 (0.1%); 057=15 (0.1%); 218=12 (0.1%),13
RX10V1C3,5,0,0.0,=16005 (99.9%); 057=14 (0.1%); 040=3 (0.0%); 113=2 (0.0%); 105=1 (0.0%),4
RX10V1C4,3,0,0.0,=16019 (100.0%); 057=5 (0.0%); 254=1 (0.0%),2
RX10V2C1,85,0,0.0,=15380 (96.0%); 058=59 (0.4%); 117=45 (0.3%); 067=32 (0.2%); 099=27 (0.2%),84
RX10V2C2,25,0,0.0,=15916 (99.3%); 129=16 (0.1%); 046=14 (0.1%); 065=11 (0.1%); 123=9 (0.1%),24
RX10V2C3,6,0,0.0,=16005 (99.9%); 064=9 (0.1%); 065=5 (0.0%); 430=3 (0.0%); 265=2 (0.0%),5
RX10V2C4,3,0,0.0,=16019 (100.0%); 066=5 (0.0%); 104=1 (0.0%),2
RX10V3C1,78,0,0.0,=15672 (97.8%); 070=20 (0.1%); 061=16 (0.1%); 060=16 (0.1%); 173=14 (0.1%),77
RX10V3C2,13,0,0.0,=15984 (99.7%); 198=10 (0.1%); 385=8 (0.0%); 211=5 (0.0%); 203=4 (0.0%),12
RX10V3C3,4,0,0.0,=16011 (99.9%); 203=7 (0.0%); 197=5 (0.0%); 204=2 (0.0%),3
RX10V3C4,3,0,0.0,=16019 (100.0%); 205=5 (0.0%); 445=1 (0.0%),2
DRUGID11,226,0,0.0,=15489 (96.7%); d00867=16 (0.1%); d00134=14 (0.1%); d00015=12 (0.1%); d04514=11 (0.1%),225
PRESCR11,4,15489,96.66,1.0=365 (68.1%); 5.0=155 (28.9%); 2.0=15 (2.8%); 3.0=1 (0.2%),1
CONTSUB11,7,15489,96.66,6.0=500 (93.3%); 2.0=16 (3.0%); 4.0=15 (2.8%); 5.0=2 (0.4%); 8.0=1 (0.2%),4
COMSTAT11,3,15489,96.66,1.0=514 (95.9%); 2.0=20 (3.7%); 3.0=2 (0.4%),1
RX11CAT1,130,0,0.0,=15489 (96.7%); 095=23 (0.1%); 272=21 (0.1%); 061=19 (0.1%); 119=18 (0.1%),129
RX11CAT2,32,0,0.0,=15946 (99.5%); 129=8 (0.0%); 385=7 (0.0%); 198=7 (0.0%); 117=6 (0.0%),31
RX11CAT3,7,0,0.0,=16015 (99.9%); 203=5 (0.0%); 270=1 (0.0%); 197=1 (0.0%); 204=1 (0.0%),6
RX11CAT4,3,0,0.0,=16023 (100.0%); 445=1 (0.0%); 205=1 (0.0%),2
RX11V1C1,19,0,0.0,=15489 (96.7%); 057=123 (0.8%); 087=67 (0.4%); 040=67 (0.4%); 358=49 (0.3%),18
RX11V1C2,13,0,0.0,=15946 (99.5%); 040=18 (0.1%); 122=15 (0.1%); 057=13 (0.1%); 115=7 (0.0%),12
RX11V1C3,5,0,0.0,=16015 (99.9%); 057=7 (0.0%); 105=1 (0.0%); 113=1 (0.0%); 040=1 (0.0%),4
RX11V1C4,3,0,0.0,=16023 (100.0%); 254=1 (0.0%); 057=1 (0.0%),2
RX11V2C1,81,0,0.0,=15491 (96.7%); 058=53 (0.3%); 099=29 (0.2%); 095=23 (0.1%); 047=21 (0.1%),80
RX11V2C2,28,0,0.0,=15946 (99.5%); 046=11 (0.1%); 129=8 (0.0%); 065=7 (0.0%); 117=6 (0.0%),27
RX11V2C3,6,0,0.0,=16015 (99.9%); 064=6 (0.0%); 270=1 (0.0%); 065=1 (0.0%); 265=1 (0.0%),5
RX11V2C4,3,0,0.0,=16023 (100.0%); 104=1 (0.0%); 066=1 (0.0%),2
RX11V3C1,78,0,0.0,=15709 (98.0%); 061=19 (0.1%); 195=16 (0.1%); 173=15 (0.1%); 215=15 (0.1%),77
RX11V3C2,16,0,0.0,=15990 (99.8%); 385=7 (0.0%); 198=7 (0.0%); 203=4 (0.0%); 210=3 (0.0%),15
RX11V3C3,4,0,0.0,=16018 (100.0%); 203=5 (0.0%); 197=1 (0.0%); 204=1 (0.0%),3
RX11V3C4,3,0,0.0,=16023 (100.0%); 445=1 (0.0%); 205=1 (0.0%),2
DRUGID12,205,0,0.0,=15565 (97.1%); d00867=14 (0.1%); d00278=13 (0.1%); d04514=12 (0.1%); d00070=11 (0.1%),204
PRESCR12,5,15565,97.13,1.0=315 (68.5%); 5.0=130 (28.3%); 2.0=12 (2.6%); 3.0=2 (0.4%); 4.0=1 (0.2%),2
CONTSUB12,6,15565,97.13,6.0=421 (91.5%); 2.0=18 (3.9%); 4.0=14 (3.0%); 5.0=4 (0.9%); 7.0=2 (0.4%),3
COMSTAT12,3,15565,97.13,1.0=431 (93.7%); 2.0=27 (5.9%); 3.0=2 (0.4%),1
RX12CAT1,116,0,0.0,=15565 (97.1%); 117=21 (0.1%); 272=18 (0.1%); 095=15 (0.1%); 060=15 (0.1%),115
RX12CAT2,26,0,0.0,=15960 (99.6%); 129=9 (0.1%); 198=5 (0.0%); 211=5 (0.0%); 219=5 (0.0%),25
RX12CAT3,4,0,0.0,=16019 (100.0%); 203=4 (0.0%); 270=1 (0.0%); 197=1 (0.0%),3
RX12CAT4,3,0,0.0,=16023 (100.0%); 445=1 (0.0%); 205=1 (0.0%),2
RX12V1C1,19,0,0.0,=15565 (97.1%); 057=105 (0.7%); 115=55 (0.3%); 040=55 (0.3%); 087=48 (0.3%),18
RX12V1C2,12,0,0.0,=15960 (99.6%); 122=15 (0.1%); 057=12 (0.1%); 040=8 (0.0%); 001=6 (0.0%),11
RX12V1C3,3,0,0.0,=16019 (100.0%); 057=5 (0.0%); 105=1 (0.0%),2
RX12V1C4,3,0,0.0,=16023 (100.0%); 254=1 (0.0%); 057=1 (0.0%),2
RX12V2C1,81,0,0.0,=15567 (97.1%); 058=40 (0.2%); 117=21 (0.1%); 049=20 (0.1%); 067=19 (0.1%),80
RX12V2C2,22,0,0.0,=15960 (99.6%); 129=9 (0.1%); 065=8 (0.0%); 083=5 (0.0%); 219=5 (0.0%),21
RX12V2C3,4,0,0.0,=16019 (100.0%); 064=4 (0.0%); 270=1 (0.0%); 065=1 (0.0%),3
RX12V2C4,3,0,0.0,=16023 (100.0%); 104=1 (0.0%); 066=1 (0.0%),2
RX12V3C1,63,0,0.0,=15778 (98.5%); 060=15 (0.1%); 195=14 (0.1%); 154=13 (0.1%); 347=11 (0.1%),62
RX12V3C2,13,0,0.0,=15997 (99.8%); 198=5 (0.0%); 211=5 (0.0%); 210=3 (0.0%); 203=3 (0.0%),12
RX12V3C3,3,0,0.0,=16020 (100.0%); 203=4 (0.0%); 197=1 (0.0%),2
RX12V3C4,3,0,0.0,=16023 (100.0%); 445=1 (0.0%); 205=1 (0.0%),2
DRUGID13,189,0,0.0,=15638 (97.6%); d04514=12 (0.1%); d00438=9 (0.1%); d00395=9 (0.1%); d00867=9 (0.1%),188
PRESCR13,3,15638,97.59,1.0=253 (65.4%); 5.0=124 (32.0%); 2.0=10 (2.6%),0
CONTSUB13,5,15638,97.59,6.0=366 (94.6%); 2.0=10 (2.6%); 4.0=9 (2.3%); 5.0=1 (0.3%); 7.0=1 (0.3%),2
COMSTAT13,3,15638,97.59,1.0=370 (95.6%); 2.0=16 (4.1%); 3.0=1 (0.3%),1
RX13CAT1,113,0,0.0,=15638 (97.6%); 117=22 (0.1%); 272=21 (0.1%); 095=19 (0.1%); 070=17 (0.1%),112
RX13CAT2,29,0,0.0,=15956 (99.6%); 129=9 (0.1%); 123=7 (0.0%); 219=6 (0.0%); 210=5 (0.0%),28
RX13CAT3,5,0,0.0,=16018 (100.0%); 203=3 (0.0%); 197=2 (0.0%); 270=1 (0.0%); 265=1 (0.0%),4
RX13CAT4,3,0,0.0,=16022 (100.0%); 205=2 (0.0%); 445=1 (0.0%),2
RX13V1C1,20,0,0.0,=15638 (97.6%); 057=85 (0.5%); 087=50 (0.3%); 115=46 (0.3%); 040=43 (0.3%),19
RX13V1C2,15,0,0.0,=15956 (99.6%); 122=18 (0.1%); 040=12 (0.1%); 057=11 (0.1%); 218=7 (0.0%),14
RX13V1C3,4,0,0.0,=16018 (100.0%); 057=5 (0.0%); 105=1 (0.0%); 113=1 (0.0%),3
RX13V1C4,3,0,0.0,=16022 (100.0%); 057=2 (0.0%); 254=1 (0.0%),2
RX13V2C1,73,0,0.0,=15640 (97.6%); 058=29 (0.2%); 117=22 (0.1%); 272=21 (0.1%); 067=20 (0.1%),72
RX13V2C2,26,0,0.0,=15956 (99.6%); 065=10 (0.1%); 129=9 (0.1%); 046=7 (0.0%); 123=7 (0.0%),25
RX13V2C3,5,0,0.0,=16018 (100.0%); 064=3 (0.0%); 065=2 (0.0%); 270=1 (0.0%); 265=1 (0.0%),4
RX13V2C4,3,0,0.0,=16022 (100.0%); 066=2 (0.0%); 104=1 (0.0%),2
RX13V3C1,70,0,0.0,=15815 (98.7%); 070=17 (0.1%); 306=9 (0.1%); 195=9 (0.1%); 059=8 (0.0%),69
RX13V3C2,12,0,0.0,=15996 (99.8%); 210=5 (0.0%); 198=5 (0.0%); 196=5 (0.0%); 385=3 (0.0%),11
RX13V3C3,3,0,0.0,=16020 (100.0%); 203=3 (0.0%); 197=2 (0.0%),2
RX13V3C4,3,0,0.0,=16022 (100.0%); 205=2 (0.0%); 445=1 (0.0%),2
DRUGID14,169,0,0.0,=15701 (98.0%); d00345=9 (0.1%); d00134=7 (0.0%); d03807=7 (0.0%); d03140=6 (0.0%),168
PRESCR14,4,15701,97.98,1.0=215 (66.4%); 5.0=91 (28.1%); 2.0=17 (5.2%); 3.0=1 (0.3%),1
CONTSUB14,5,15701,97.98,6.0=307 (94.8%); 4.0=8 (2.5%); 2.0=5 (1.5%); 5.0=3 (0.9%); 7.0=1 (0.3%),2
COMSTAT14,3,15701,97.98,1.0=308 (95.1%); 2.0=13 (4.0%); 3.0=3 (0.9%),1
RX14CAT1,98,0,0.0,=15701 (98.0%); 117=31 (0.2%); 070=14 (0.1%); 095=13 (0.1%); 119=11 (0.1%),97
RX14CAT2,20,0,0.0,=15983 (99.7%); 129=5 (0.0%); 123=4 (0.0%); 117=4 (0.0%); 386=4 (0.0%),19
RX14CAT3,4,0,0.0,=16021 (100.0%); 265=2 (0.0%); 197=1 (0.0%); 204=1 (0.0%),3
RX14CAT4,2,0,0.0,=16024 (100.0%); 205=1 (0.0%),1
RX14V1C1,19,0,0.0,=15701 (98.0%); 057=58 (0.4%); 115=50 (0.3%); 040=45 (0.3%); 087=37 (0.2%),18
RX14V1C2,12,0,0.0,=15983 (99.7%); 040=12 (0.1%); 122=9 (0.1%); 057=5 (0.0%); 115=4 (0.0%),11
RX14V1C3,3,0,0.0,=16021 (100.0%); 057=2 (0.0%); 113=2 (0.0%),2
RX14V1C4,2,0,0.0,=16024 (100.0%); 057=1 (0.0%),1
RX14V2C1,65,0,0.0,=15702 (98.0%); 117=31 (0.2%); 058=21 (0.1%); 099=17 (0.1%); 249=17 (0.1%),64
RX14V2C2,16,0,0.0,=15983 (99.7%); 046=7 (0.0%); 129=5 (0.0%); 123=4 (0.0%); 117=4 (0.0%),15
RX14V2C3,4,0,0.0,=16021 (100.0%); 265=2 (0.0%); 065=1 (0.0%); 064=1 (0.0%),3
RX14V2C4,2,0,0.0,=16024 (100.0%); 066=1 (0.0%),1
RX14V3C1,60,0,0.0,=15849 (98.9%); 070=14 (0.1%); 215=8 (0.0%); 274=7 (0.0%); 214=7 (0.0%),59
RX14V3C2,11,0,0.0,=16007 (99.9%); 386=4 (0.0%); 385=3 (0.0%); 211=2 (0.0%); 292=2 (0.0%),10
RX14V3C3,3,0,0.0,=16023 (100.0%); 197=1 (0.0%); 204=1 (0.0%),2
RX14V3C4,2,0,0.0,=16024 (100.0%); 205=1 (0.0%),1
DRUGID15,161,0,0.0,=15753 (98.3%); d00438=7 (0.0%); d00867=7 (0.0%); d00070=7 (0.0%); d04514=6 (0.0%),160
PRESCR15,3,15753,98.3,1.0=194 (71.3%); 5.0=70 (25.7%); 2.0=8 (2.9%),0
CONTSUB15,5,15753,98.3,6.0=257 (94.5%); 4.0=6 (2.2%); 2.0=5 (1.8%); 5.0=3 (1.1%); 7.0=1 (0.4%),1
COMSTAT15,3,15753,98.3,1.0=260 (95.6%); 2.0=10 (3.7%); 3.0=2 (0.7%),1
RX15CAT1,105,0,0.0,=15753 (98.3%); 095=14 (0.1%); 117=13 (0.1%); 272=11 (0.1%); 173=10 (0.1%),104
RX15CAT2,26,0,0.0,=15979 (99.7%); 129=7 (0.0%); 117=4 (0.0%); 211=4 (0.0%); 198=3 (0.0%),25
RX15CAT3,5,0,0.0,=16018 (100.0%); 203=3 (0.0%); 197=2 (0.0%); 270=1 (0.0%); 204=1 (0.0%),4
RX15CAT4,3,0,0.0,=16022 (100.0%); 205=2 (0.0%); 445=1 (0.0%),2
RX15V1C1,18,0,0.0,=15753 (98.3%); 057=60 (0.4%); 040=41 (0.3%); 087=36 (0.2%); 115=26 (0.2%),17
RX15V1C2,13,0,0.0,=15979 (99.7%); 040=11 (0.1%); 122=10 (0.1%); 057=7 (0.0%); 115=5 (0.0%),12
RX15V1C3,3,0,0.0,=16018 (100.0%); 057=6 (0.0%); 105=1 (0.0%),2
RX15V1C4,3,0,0.0,=16022 (100.0%); 057=2 (0.0%); 254=1 (0.0%),2
RX15V2C1,71,0,0.0,=15753 (98.3%); 058=24 (0.1%); 099=14 (0.1%); 095=14 (0.1%); 117=13 (0.1%),70
RX15V2C2,20,0,0.0,=15979 (99.7%); 129=7 (0.0%); 046=6 (0.0%); 065=4 (0.0%); 117=4 (0.0%),19
RX15V2C3,4,0,0.0,=16018 (100.0%); 064=4 (0.0%); 065=2 (0.0%); 270=1 (0.0%),3
RX15V2C4,3,0,0.0,=16022 (100.0%); 066=2 (0.0%); 104=1 (0.0%),2
RX15V3C1,60,0,0.0,=15872 (99.0%); 173=10 (0.1%); 154=8 (0.0%); 195=7 (0.0%); 301=6 (0.0%),59
RX15V3C2,13,0,0.0,=16005 (99.9%); 211=4 (0.0%); 198=3 (0.0%); 386=3 (0.0%); 203=2 (0.0%),12
RX15V3C3,4,0,0.0,=16019 (100.0%); 203=3 (0.0%); 197=2 (0.0%); 204=1 (0.0%),3
RX15V3C4,3,0,0.0,=16022 (100.0%); 205=2 (0.0%); 445=1 (0.0%),2
DRUGID16,139,0,0.0,=15801 (98.6%); d00134=7 (0.0%); d04514=6 (0.0%); d00325=6 (0.0%); d00049=5 (0.0%),138
PRESCR16,4,15801,98.6,1.0=149 (66.5%); 5.0=64 (28.6%); 2.0=10 (4.5%); 3.0=1 (0.4%),1
CONTSUB16,5,15801,98.6,6.0=210 (93.8%); 4.0=7 (3.1%); 2.0=4 (1.8%); 7.0=2 (0.9%); 3.0=1 (0.4%),2
COMSTAT16,3,15801,98.6,1.0=215 (96.0%); 2.0=7 (3.1%); 3.0=2 (0.9%),1
RX16CAT1,95,0,0.0,=15801 (98.6%); 272=12 (0.1%); 095=11 (0.1%); 117=10 (0.1%); 274=8 (0.0%),94
RX16CAT2,18,0,0.0,=15997 (99.8%); 129=4 (0.0%); 211=2 (0.0%); 123=2 (0.0%); 198=2 (0.0%),17
RX16CAT3,4,0,0.0,=16021 (100.0%); 203=2 (0.0%); 265=1 (0.0%); 204=1 (0.0%),3
RX16CAT4,1,0,0.0,=16025 (100.0%),0
RX16V1C1,19,0,0.0,=15801 (98.6%); 057=37 (0.2%); 040=31 (0.2%); 087=29 (0.2%); 115=21 (0.1%),18
RX16V1C2,11,0,0.0,=15997 (99.8%); 040=8 (0.0%); 122=6 (0.0%); 057=3 (0.0%); 081=2 (0.0%),10
RX16V1C3,3,0,0.0,=16021 (100.0%); 057=3 (0.0%); 113=1 (0.0%),2
RX16V1C4,1,0,0.0,=16025 (100.0%),0
RX16V2C1,67,0,0.0,=15804 (98.6%); 058=13 (0.1%); 272=12 (0.1%); 095=11 (0.1%); 099=10 (0.1%),66
RX16V2C2,16,0,0.0,=15997 (99.8%); 129=4 (0.0%); 065=3 (0.0%); 046=3 (0.0%); 083=2 (0.0%),15
RX16V2C3,3,0,0.0,=16021 (100.0%); 064=3 (0.0%); 265=1 (0.0%),2
RX16V2C4,1,0,0.0,=16025 (100.0%),0
RX16V3C1,55,0,0.0,=15909 (99.3%); 274=8 (0.0%); 154=6 (0.0%); 069=5 (0.0%); 059=5 (0.0%),54
RX16V3C2,9,0,0.0,=16013 (99.9%); 211=2 (0.0%); 198=2 (0.0%); 185=2 (0.0%); 385=2 (0.0%),8
RX16V3C3,3,0,0.0,=16022 (100.0%); 203=2 (0.0%); 204=1 (0.0%),2
RX16V3C4,1,0,0.0,=16025 (100.0%),0
DRUGID17,118,0,0.0,=15834 (98.8%); d00867=7 (0.0%); d01013=5 (0.0%); d00049=4 (0.0%); d00395=4 (0.0%),117
PRESCR17,4,15834,98.81,1.0=132 (69.1%); 5.0=46 (24.1%); 2.0=12 (6.3%); 3.0=1 (0.5%),1
CONTSUB17,5,15834,98.81,6.0=173 (90.6%); 2.0=10 (5.2%); 4.0=5 (2.6%); 7.0=2 (1.0%); 5.0=1 (0.5%),1
COMSTAT17,3,15834,98.81,1.0=181 (94.8%); 2.0=8 (4.2%); 3.0=2 (1.0%),0
RX17CAT1,77,0,0.0,=15834 (98.8%); 095=14 (0.1%); 060=10 (0.1%); 215=8 (0.0%); 117=7 (0.0%),76
RX17CAT2,13,0,0.0,=16004 (99.9%); 053=4 (0.0%); 117=3 (0.0%); 129=3 (0.0%); 385=2 (0.0%),12
RX17CAT3,2,0,0.0,=16023 (100.0%); 204=2 (0.0%),1
RX17CAT4,1,0,0.0,=16025 (100.0%),0
RX17V1C1,17,0,0.0,=15834 (98.8%); 057=44 (0.3%); 087=27 (0.2%); 040=25 (0.2%); 358=18 (0.1%),16
RX17V1C2,7,0,0.0,=16004 (99.9%); 040=9 (0.1%); 122=5 (0.0%); 115=3 (0.0%); 133=2 (0.0%),6
RX17V1C3,2,0,0.0,=16023 (100.0%); 057=2 (0.0%),1
RX17V1C4,1,0,0.0,=16025 (100.0%),0
RX17V2C1,56,0,0.0,=15835 (98.8%); 058=17 (0.1%); 095=14 (0.1%); 099=12 (0.1%); 117=7 (0.0%),55
RX17V2C2,12,0,0.0,=16004 (99.9%); 053=4 (0.0%); 117=3 (0.0%); 046=3 (0.0%); 129=3 (0.0%),11
RX17V2C3,2,0,0.0,=16023 (100.0%); 064=2 (0.0%),1
RX17V2C4,1,0,0.0,=16025 (100.0%),0
RX17V3C1,44,0,0.0,=15921 (99.4%); 060=10 (0.1%); 215=8 (0.0%); 195=7 (0.0%); 173=6 (0.0%),43
RX17V3C2,6,0,0.0,=16019 (100.0%); 385=2 (0.0%); 268=1 (0.0%); 386=1 (0.0%); 196=1 (0.0%),5
RX17V3C3,2,0,0.0,=16023 (100.0%); 204=2 (0.0%),1
RX17V3C4,1,0,0.0,=16025 (100.0%),0
DRUGID18,101,0,0.0,=15870 (99.0%); d03140=5 (0.0%); d01013=5 (0.0%); d06860=5 (0.0%); d05350=5 (0.0%),100
PRESCR18,4,15870,99.03,1.0=98 (63.2%); 5.0=53 (34.2%); 2.0=2 (1.3%); 3.0=2 (1.3%),0
CONTSUB18,5,15870,99.03,6.0=146 (94.2%); 2.0=3 (1.9%); 4.0=3 (1.9%); 7.0=2 (1.3%); 5.0=1 (0.6%),1
COMSTAT18,3,15870,99.03,1.0=150 (96.8%); 2.0=3 (1.9%); 3.0=2 (1.3%),0
RX18CAT1,73,0,0.0,=15870 (99.0%); 095=10 (0.1%); 117=9 (0.1%); 119=8 (0.0%); 272=7 (0.0%),72
RX18CAT2,13,0,0.0,=16011 (99.9%); 053=2 (0.0%); 198=2 (0.0%); 238=1 (0.0%); 297=1 (0.0%),12
RX18CAT3,3,0,0.0,=16023 (100.0%); 203=1 (0.0%); 265=1 (0.0%),2
RX18CAT4,1,0,0.0,=16025 (100.0%),0
RX18V1C1,20,0,0.0,=15870 (99.0%); 087=26 (0.2%); 057=24 (0.1%); 115=22 (0.1%); 358=18 (0.1%),19
RX18V1C2,10,0,0.0,=16011 (99.9%); 122=3 (0.0%); 057=3 (0.0%); 040=2 (0.0%); 001=1 (0.0%),9
RX18V1C3,3,0,0.0,=16023 (100.0%); 057=1 (0.0%); 113=1 (0.0%),2
RX18V1C4,1,0,0.0,=16025 (100.0%),0
RX18V2C1,54,0,0.0,=15875 (99.1%); 095=10 (0.1%); 099=9 (0.1%); 117=9 (0.1%); 119=8 (0.0%),53
RX18V2C2,12,0,0.0,=16011 (99.9%); 065=3 (0.0%); 053=2 (0.0%); 005=1 (0.0%); 130=1 (0.0%),11
RX18V2C3,3,0,0.0,=16023 (100.0%); 064=1 (0.0%); 265=1 (0.0%),2
RX18V2C4,1,0,0.0,=16025 (100.0%),0
RX18V3C1,42,0,0.0,=15947 (99.5%); 215=6 (0.0%); 208=5 (0.0%); 173=5 (0.0%); 341=4 (0.0%),41
RX18V3C2,9,0,0.0,=16016 (99.9%); 198=2 (0.0%); 238=1 (0.0%); 297=1 (0.0%); 196=1 (0.0%),8
RX18V3C3,2,0,0.0,=16024 (100.0%); 203=1 (0.0%),1
RX18V3C4,1,0,0.0,=16025 (100.0%),0
DRUGID19,91,0,0.0,=15902 (99.2%); d04514=6 (0.0%); d00438=5 (0.0%); d00316=4 (0.0%); d00325=3 (0.0%),90
PRESCR19,3,15902,99.23,1.0=80 (65.0%); 5.0=38 (30.9%); 2.0=5 (4.1%),0
CONTSUB19,4,15902,99.23,6.0=115 (93.5%); 2.0=4 (3.3%); 4.0=3 (2.4%); 3.0=1 (0.8%),1
COMSTAT19,2,15902,99.23,1.0=114 (92.7%); 2.0=9 (7.3%),0
RX19CAT1,68,0,0.0,=15902 (99.2%); 117=11 (0.1%); 272=10 (0.1%); 095=7 (0.0%); 320=4 (0.0%),67
RX19CAT2,16,0,0.0,=16001 (99.9%); 129=5 (0.0%); 219=3 (0.0%); 340=2 (0.0%); 117=2 (0.0%),15
RX19CAT3,3,0,0.0,=16023 (100.0%); 203=1 (0.0%); 204=1 (0.0%),2
RX19CAT4,1,0,0.0,=16025 (100.0%),0
RX19V1C1,16,0,0.0,=15902 (99.2%); 087=21 (0.1%); 057=21 (0.1%); 115=16 (0.1%); 040=14 (0.1%),15
RX19V1C2,10,0,0.0,=16001 (99.9%); 040=7 (0.0%); 122=6 (0.0%); 218=4 (0.0%); 115=2 (0.0%),9
RX19V1C3,2,0,0.0,=16023 (100.0%); 057=2 (0.0%),1
RX19V1C4,1,0,0.0,=16025 (100.0%),0
RX19V2C1,49,0,0.0,=15903 (99.2%); 117=11 (0.1%); 272=10 (0.1%); 099=8 (0.0%); 058=8 (0.0%),48
RX19V2C2,15,0,0.0,=16001 (99.9%); 129=5 (0.0%); 046=3 (0.0%); 219=3 (0.0%); 340=2 (0.0%),14
RX19V2C3,2,0,0.0,=16023 (100.0%); 064=2 (0.0%),1
RX19V2C4,1,0,0.0,=16025 (100.0%),0
RX19V3C1,40,0,0.0,=15966 (99.6%); 060=4 (0.0%); 173=4 (0.0%); 070=4 (0.0%); 215=3 (0.0%),39
RX19V3C2,8,0,0.0,=16017 (100.0%); 386=2 (0.0%); 388=1 (0.0%); 210=1 (0.0%); 198=1 (0.0%),7
RX19V3C3,3,0,0.0,=16023 (100.0%); 203=1 (0.0%); 204=1 (0.0%),2
RX19V3C4,1,0,0.0,=16025 (100.0%),0
DRUGID20,83,0,0.0,=15917 (99.3%); d00867=6 (0.0%); d03692=3 (0.0%); d00746=3 (0.0%); d01013=3 (0.0%),82
PRESCR20,3,15917,99.33,1.0=75 (69.4%); 5.0=28 (25.9%); 2.0=5 (4.6%),0
CONTSUB20,3,15917,99.33,6.0=103 (95.4%); 4.0=3 (2.8%); 5.0=2 (1.9%),0
COMSTAT20,2,15917,99.33,1.0=103 (95.4%); 2.0=5 (4.6%),0
RX20CAT1,59,0,0.0,=15917 (99.3%); 095=8 (0.0%); 195=6 (0.0%); 117=6 (0.0%); 119=6 (0.0%),58
RX20CAT2,7,0,0.0,=16017 (100.0%); 129=3 (0.0%); 320=1 (0.0%); 117=1 (0.0%); 388=1 (0.0%),6
RX20CAT3,2,0,0.0,=16024 (100.0%); 204=1 (0.0%),1
RX20CAT4,1,0,0.0,=16025 (100.0%),0
RX20V1C1,16,0,0.0,=15917 (99.3%); 057=19 (0.1%); 087=15 (0.1%); 115=14 (0.1%); 358=10 (0.1%),15
RX20V1C2,5,0,0.0,=16017 (100.0%); 122=4 (0.0%); 040=2 (0.0%); 105=1 (0.0%); 115=1 (0.0%),4
RX20V1C3,2,0,0.0,=16024 (100.0%); 057=1 (0.0%),1
RX20V1C4,1,0,0.0,=16025 (100.0%),0
RX20V2C1,42,0,0.0,=15917 (99.3%); 095=8 (0.0%); 249=7 (0.0%); 065=6 (0.0%); 117=6 (0.0%),41
RX20V2C2,7,0,0.0,=16017 (100.0%); 129=3 (0.0%); 320=1 (0.0%); 117=1 (0.0%); 046=1 (0.0%),6
RX20V2C3,2,0,0.0,=16024 (100.0%); 064=1 (0.0%),1
RX20V2C4,1,0,0.0,=16025 (100.0%),0
RX20V3C1,37,0,0.0,=15965 (99.6%); 195=6 (0.0%); 173=4 (0.0%); 215=4 (0.0%); 301=4 (0.0%),36
RX20V3C2,2,0,0.0,=16024 (100.0%); 388=1 (0.0%),1
RX20V3C3,2,0,0.0,=16024 (100.0%); 204=1 (0.0%),1
RX20V3C4,1,0,0.0,=16025 (100.0%),0
DRUGID21,65,0,0.0,=15945 (99.5%); d00345=6 (0.0%); d01013=5 (0.0%); d00049=3 (0.0%); d04057=2 (0.0%),64
PRESCR21,4,15945,99.5,1.0=47 (58.8%); 5.0=27 (33.8%); 2.0=5 (6.2%); 3.0=1 (1.2%),0
CONTSUB21,3,15945,99.5,6.0=76 (95.0%); 2.0=2 (2.5%); 5.0=2 (2.5%),0
COMSTAT21,2,15945,99.5,1.0=75 (93.8%); 2.0=5 (6.2%),0
RX21CAT1,48,0,0.0,=15945 (99.5%); 117=12 (0.1%); 095=7 (0.0%); 045=3 (0.0%); 059=3 (0.0%),47
RX21CAT2,10,0,0.0,=16016 (99.9%); 192=1 (0.0%); 388=1 (0.0%); 210=1 (0.0%); 053=1 (0.0%),9
RX21CAT3,3,0,0.0,=16023 (100.0%); 270=1 (0.0%); 265=1 (0.0%),2
RX21CAT4,2,0,0.0,=16024 (100.0%); 445=1 (0.0%),1
RX21V1C1,14,0,0.0,=15945 (99.5%); 115=14 (0.1%); 057=14 (0.1%); 087=12 (0.1%); 040=10 (0.1%),13
RX21V1C2,9,0,0.0,=16016 (99.9%); 040=2 (0.0%); 105=1 (0.0%); 242=1 (0.0%); 122=1 (0.0%),8
RX21V1C3,3,0,0.0,=16023 (100.0%); 105=1 (0.0%); 113=1 (0.0%),2
RX21V1C4,2,0,0.0,=16024 (100.0%); 254=1 (0.0%),1
RX21V2C1,35,0,0.0,=15947 (99.5%); 117=12 (0.1%); 095=7 (0.0%); 058=6 (0.0%); 099=5 (0.0%),34
RX21V2C2,10,0,0.0,=16016 (99.9%); 192=1 (0.0%); 046=1 (0.0%); 251=1 (0.0%); 053=1 (0.0%),9
RX21V2C3,3,0,0.0,=16023 (100.0%); 270=1 (0.0%); 265=1 (0.0%),2
RX21V2C4,2,0,0.0,=16024 (100.0%); 104=1 (0.0%),1
RX21V3C1,32,0,0.0,=15985 (99.8%); 059=3 (0.0%); 060=2 (0.0%); 178=2 (0.0%); 215=2 (0.0%),31
RX21V3C2,5,0,0.0,=16021 (100.0%); 388=1 (0.0%); 210=1 (0.0%); 198=1 (0.0%); 301=1 (0.0%),4
RX21V3C3,1,0,0.0,=16025 (100.0%),0
RX21V3C4,2,0,0.0,=16024 (100.0%); 445=1 (0.0%),1
DRUGID22,53,0,0.0,=15962 (99.6%); d00749=4 (0.0%); d04121=3 (0.0%); c00110=3 (0.0%); d00348=2 (0.0%),52
PRESCR22,4,15962,99.61,1.0=38 (60.3%); 5.0=16 (25.4%); 3.0=5 (7.9%); 2.0=4 (6.3%),0
CONTSUB22,4,15962,99.61,6.0=54 (85.7%); 7.0=5 (7.9%); 2.0=2 (3.2%); 4.0=2 (3.2%),0
COMSTAT22,3,15962,99.61,1.0=53 (84.1%); 3.0=5 (7.9%); 2.0=5 (7.9%),0
RX22CAT1,43,0,0.0,=15962 (99.6%); 095=5 (0.0%); 180=4 (0.0%); 117=4 (0.0%); 173=3 (0.0%),42
RX22CAT2,9,0,0.0,=16015 (99.9%); 239=2 (0.0%); 129=2 (0.0%); 210=1 (0.0%); 220=1 (0.0%),8
RX22CAT3,2,0,0.0,=16024 (100.0%); 203=1 (0.0%),1
RX22CAT4,1,0,0.0,=16025 (100.0%),0
RX22V1C1,13,0,0.0,=15962 (99.6%); 057=15 (0.1%); 087=8 (0.0%); 122=7 (0.0%); 113=5 (0.0%),12
RX22V1C2,8,0,0.0,=16015 (99.9%); 001=2 (0.0%); 218=2 (0.0%); 122=2 (0.0%); 242=1 (0.0%),7
RX22V1C3,2,0,0.0,=16024 (100.0%); 057=1 (0.0%),1
RX22V1C4,1,0,0.0,=16025 (100.0%),0
RX22V2C1,28,0,0.0,=15962 (99.6%); 125=7 (0.0%); 058=7 (0.0%); 095=5 (0.0%); 019=4 (0.0%),27
RX22V2C2,9,0,0.0,=16015 (99.9%); 005=2 (0.0%); 129=2 (0.0%); 251=1 (0.0%); 220=1 (0.0%),8
RX22V2C3,2,0,0.0,=16024 (100.0%); 064=1 (0.0%),1
RX22V2C4,1,0,0.0,=16025 (100.0%),0
RX22V3C1,29,0,0.0,=15990 (99.8%); 180=4 (0.0%); 173=3 (0.0%); 060=2 (0.0%); 181=2 (0.0%),28
RX22V3C2,6,0,0.0,=16019 (100.0%); 239=2 (0.0%); 210=1 (0.0%); 211=1 (0.0%); 388=1 (0.0%),5
RX22V3C3,2,0,0.0,=16024 (100.0%); 203=1 (0.0%),1
RX22V3C4,1,0,0.0,=16025 (100.0%),0
DRUGID23,45,0,0.0,=15971 (99.7%); d04283=3 (0.0%); d00395=3 (0.0%); d00405=2 (0.0%); d00345=2 (0.0%),44
PRESCR23,3,15971,99.66,1.0=33 (61.1%); 5.0=19 (35.2%); 2.0=2 (3.7%),0
CONTSUB23,3,15971,99.66,6.0=51 (94.4%); 2.0=2 (3.7%); 4.0=1 (1.9%),0
COMSTAT23,2,15971,99.66,1.0=51 (94.4%); 2.0=3 (5.6%),0
RX23CAT1,34,0,0.0,=15971 (99.7%); 117=5 (0.0%); 095=5 (0.0%); 119=4 (0.0%); 272=3 (0.0%),33
RX23CAT2,7,0,0.0,=16017 (100.0%); 117=2 (0.0%); 129=2 (0.0%); 210=1 (0.0%); 340=1 (0.0%),6
RX23CAT3,3,0,0.0,=16023 (100.0%); 204=1 (0.0%); 203=1 (0.0%),2
RX23CAT4,1,0,0.0,=16025 (100.0%),0
RX23V1C1,12,0,0.0,=15971 (99.7%); 057=9 (0.1%); 115=9 (0.1%); 087=9 (0.1%); 133=7 (0.0%),11
RX23V1C2,6,0,0.0,=16017 (100.0%); 115=2 (0.0%); 040=2 (0.0%); 122=2 (0.0%); 242=1 (0.0%),5
RX23V1C3,2,0,0.0,=16023 (100.0%); 057=2 (0.0%),1
RX23V1C4,1,0,0.0,=16025 (100.0%),0
RX23V2C1,22,0,0.0,=15972 (99.7%); 058=5 (0.0%); 117=5 (0.0%); 095=5 (0.0%); 249=5 (0.0%),21
RX23V2C2,7,0,0.0,=16017 (100.0%); 117=2 (0.0%); 129=2 (0.0%); 251=1 (0.0%); 340=1 (0.0%),6
RX23V2C3,2,0,0.0,=16023 (100.0%); 064=2 (0.0%),1
RX23V2C4,1,0,0.0,=16025 (100.0%),0
RX23V3C1,25,0,0.0,=15993 (99.8%); 245=3 (0.0%); 306=3 (0.0%); 180=2 (0.0%); 301=2 (0.0%),24
RX23V3C2,4,0,0.0,=16022 (100.0%); 210=1 (0.0%); 198=1 (0.0%); 386=1 (0.0%),3
RX23V3C3,3,0,0.0,=16023 (100.0%); 204=1 (0.0%); 203=1 (0.0%),2
RX23V3C4,1,0,0.0,=16025 (100.0%),0
DRUGID24,32,0,0.0,=15988 (99.8%); a56265=3 (0.0%); d00170=2 (0.0%); d00395=2 (0.0%); d00293=2 (0.0%),31
PRESCR24,3,15988,99.77,1.0=19 (51.4%); 5.0=14 (37.8%); 2.0=4 (10.8%),0
CONTSUB24,2,15988,99.77,6.0=35 (94.6%); 4.0=2 (5.4%),0
COMSTAT24,2,15988,99.77,1.0=35 (94.6%); 2.0=2 (5.4%),0
RX24CAT1,27,0,0.0,=15988 (99.8%); 117=4 (0.0%); 140=3 (0.0%); 095=3 (0.0%); 062=2 (0.0%),26
RX24CAT2,7,0,0.0,=16018 (100.0%); 211=2 (0.0%); 292=1 (0.0%); 123=1 (0.0%); 053=1 (0.0%),6
RX24CAT3,3,0,0.0,=16023 (100.0%); 197=1 (0.0%); 203=1 (0.0%),2
RX24CAT4,2,0,0.0,=16024 (100.0%); 205=1 (0.0%),1
RX24V1C1,14,0,0.0,=15988 (99.8%); 057=8 (0.0%); 133=5 (0.0%); 115=4 (0.0%); 122=4 (0.0%),13
RX24V1C2,6,0,0.0,=16018 (100.0%); 081=2 (0.0%); 057=2 (0.0%); 133=1 (0.0%); 122=1 (0.0%),5
RX24V1C3,2,0,0.0,=16023 (100.0%); 057=2 (0.0%),1
RX24V1C4,2,0,0.0,=16024 (100.0%); 057=1 (0.0%),1
RX24V2C1,21,0,0.0,=15988 (99.8%); 136=4 (0.0%); 117=4 (0.0%); 058=3 (0.0%); 095=3 (0.0%),20
RX24V2C2,6,0,0.0,=16018 (100.0%); 083=2 (0.0%); 065=2 (0.0%); 136=1 (0.0%); 123=1 (0.0%),5
RX24V2C3,3,0,0.0,=16023 (100.0%); 065=1 (0.0%); 064=1 (0.0%),2
RX24V2C4,2,0,0.0,=16024 (100.0%); 066=1 (0.0%),1
RX24V3C1,19,0,0.0,=16001 (99.9%); 140=3 (0.0%); 062=2 (0.0%); 306=2 (0.0%); 070=2 (0.0%),18
RX24V3C2,5,0,0.0,=16020 (100.0%); 211=2 (0.0%); 292=1 (0.0%); 198=1 (0.0%); 196=1 (0.0%),4
RX24V3C3,3,0,0.0,=16023 (100.0%); 197=1 (0.0%); 203=1 (0.0%),2
RX24V3C4,2,0,0.0,=16024 (100.0%); 205=1 (0.0%),1
DRUGID25,28,0,0.0,=15996 (99.8%); d00859=2 (0.0%); d04399=2 (0.0%); d04258=1 (0.0%); a51675=1 (0.0%),27
PRESCR25,3,15996,99.82,1.0=20 (69.0%); 5.0=7 (24.1%); 2.0=2 (6.9%),0
CONTSUB25,3,15996,99.82,6.0=27 (93.1%); 2.0=1 (3.4%); 4.0=1 (3.4%),0
COMSTAT25,2,15996,99.82,1.0=28 (96.6%); 2.0=1 (3.4%),0
RX25CAT1,22,0,0.0,=15996 (99.8%); 119=4 (0.0%); 117=2 (0.0%); 060=2 (0.0%); 301=2 (0.0%),21
RX25CAT2,5,0,0.0,=16021 (100.0%); 053=1 (0.0%); 180=1 (0.0%); 012=1 (0.0%); 385=1 (0.0%),4
RX25CAT3,2,0,0.0,=16024 (100.0%); 433=1 (0.0%),1
RX25CAT4,1,0,0.0,=16025 (100.0%),0
RX25V1C1,11,0,0.0,=15996 (99.8%); 115=7 (0.0%); 057=5 (0.0%); 040=4 (0.0%); 133=3 (0.0%),10
RX25V1C2,4,0,0.0,=16021 (100.0%); 040=2 (0.0%); 122=1 (0.0%); 001=1 (0.0%),3
RX25V1C3,2,0,0.0,=16024 (100.0%); 040=1 (0.0%),1
RX25V1C4,1,0,0.0,=16025 (100.0%),0
RX25V2C1,19,0,0.0,=15996 (99.8%); 119=4 (0.0%); 058=3 (0.0%); 136=3 (0.0%); 117=2 (0.0%),18
RX25V2C2,5,0,0.0,=16021 (100.0%); 053=1 (0.0%); 125=1 (0.0%); 012=1 (0.0%); 046=1 (0.0%),4
RX25V2C3,2,0,0.0,=16024 (100.0%); 433=1 (0.0%),1
RX25V2C4,1,0,0.0,=16025 (100.0%),0
RX25V3C1,13,0,0.0,=16009 (99.9%); 060=2 (0.0%); 301=2 (0.0%); 197=2 (0.0%); 292=2 (0.0%),12
RX25V3C2,3,0,0.0,=16023 (100.0%); 180=1 (0.0%); 385=1 (0.0%),2
RX25V3C3,1,0,0.0,=16025 (100.0%),0
RX25V3C4,1,0,0.0,=16025 (100.0%),0
DRUGID26,21,0,0.0,=16005 (99.9%); d07705=1 (0.0%); d04514=1 (0.0%); d00002=1 (0.0%); d00052=1 (0.0%),20
PRESCR26,2,16005,99.88,1.0=14 (70.0%); 5.0=6 (30.0%),0
CONTSUB26,1,16005,99.88,6.0=20 (100.0%),0
COMSTAT26,2,16005,99.88,1.0=19 (95.0%); 2.0=1 (5.0%),0
RX26CAT1,19,0,0.0,=16005 (99.9%); 272=2 (0.0%); 095=2 (0.0%); 341=1 (0.0%); 387=1 (0.0%),18
RX26CAT2,4,0,0.0,=16022 (100.0%); 053=1 (0.0%); 239=1 (0.0%); 385=1 (0.0%),3
RX26CAT3,1,0,0.0,=16025 (100.0%),0
RX26CAT4,1,0,0.0,=16025 (100.0%),0
RX26V1C1,11,0,0.0,=16005 (99.9%); 087=5 (0.0%); 001=3 (0.0%); 040=2 (0.0%); 081=2 (0.0%),10
RX26V1C2,3,0,0.0,=16022 (100.0%); 040=2 (0.0%); 001=1 (0.0%),2
RX26V1C3,1,0,0.0,=16025 (100.0%),0
RX26V1C4,1,0,0.0,=16025 (100.0%),0
RX26V2C1,19,0,0.0,=16005 (99.9%); 272=2 (0.0%); 095=2 (0.0%); 251=1 (0.0%); 046=1 (0.0%),18
RX26V2C2,4,0,0.0,=16022 (100.0%); 053=1 (0.0%); 005=1 (0.0%); 046=1 (0.0%),3
RX26V2C3,1,0,0.0,=16025 (100.0%),0
RX26V2C4,1,0,0.0,=16025 (100.0%),0
RX26V3C1,10,0,0.0,=16016 (99.9%); 341=1 (0.0%); 387=1 (0.0%); 161=1 (0.0%); 211=1 (0.0%),9
RX26V3C2,3,0,0.0,=16023 (100.0%); 239=1 (0.0%); 385=1 (0.0%),2
RX26V3C3,1,0,0.0,=16025 (100.0%),0
RX26V3C4,1,0,0.0,=16025 (100.0%),0
DRUGID27,13,0,0.0,=16011 (99.9%); d00321=2 (0.0%); d00405=2 (0.0%); d04929=1 (0.0%); d00345=1 (0.0%),12
PRESCR27,2,16011,99.91,1.0=9 (64.3%); 5.0=5 (35.7%),0
CONTSUB27,2,16011,99.91,6.0=13 (92.9%); 4.0=1 (7.1%),0
COMSTAT27,1,16011,99.91,1.0=14 (100.0%),0
RX27CAT1,12,0,0.0,=16011 (99.9%); 117=2 (0.0%); 045=2 (0.0%); 119=2 (0.0%); 264=1 (0.0%),11
RX27CAT2,5,0,0.0,=16020 (100.0%); 053=2 (0.0%); 198=1 (0.0%); 385=1 (0.0%); 123=1 (0.0%),4
RX27CAT3,3,0,0.0,=16023 (100.0%); 203=1 (0.0%); 197=1 (0.0%),2
RX27CAT4,2,0,0.0,=16024 (100.0%); 205=1 (0.0%),1
RX27V1C1,6,0,0.0,=16011 (99.9%); 115=4 (0.0%); 057=4 (0.0%); 040=4 (0.0%); 113=1 (0.0%),5
RX27V1C2,4,0,0.0,=16020 (100.0%); 040=3 (0.0%); 057=1 (0.0%); 122=1 (0.0%),3
RX27V1C3,2,0,0.0,=16023 (100.0%); 057=2 (0.0%),1
RX27V1C4,2,0,0.0,=16024 (100.0%); 057=1 (0.0%),1
RX27V2C1,10,0,0.0,=16011 (99.9%); 117=2 (0.0%); 067=2 (0.0%); 045=2 (0.0%); 065=2 (0.0%),9
RX27V2C2,5,0,0.0,=16020 (100.0%); 053=2 (0.0%); 065=1 (0.0%); 046=1 (0.0%); 123=1 (0.0%),4
RX27V2C3,3,0,0.0,=16023 (100.0%); 064=1 (0.0%); 065=1 (0.0%),2
RX27V2C4,2,0,0.0,=16024 (100.0%); 066=1 (0.0%),1
RX27V3C1,6,0,0.0,=16020 (100.0%); 069=1 (0.0%); 195=1 (0.0%); 070=1 (0.0%); 156=1 (0.0%),5
RX27V3C2,3,0,0.0,=16023 (100.0%); 198=1 (0.0%); 385=1 (0.0%),2
RX27V3C3,3,0,0.0,=16023 (100.0%); 203=1 (0.0%); 197=1 (0.0%),2
RX27V3C4,2,0,0.0,=16024 (100.0%); 205=1 (0.0%),1
DRUGID28,12,0,0.0,=16013 (99.9%); d00321=2 (0.0%); d04851=1 (0.0%); d07721=1 (0.0%); d00867=1 (0.0%),11
PRESCR28,2,16013,99.93,1.0=7 (58.3%); 5.0=5 (41.7%),0
CONTSUB28,1,16013,99.93,6.0=12 (100.0%),0
COMSTAT28,1,16013,99.93,1.0=12 (100.0%),0
RX28CAT1,10,0,0.0,=16013 (99.9%); 117=3 (0.0%); 045=2 (0.0%); 173=1 (0.0%); 211=1 (0.0%),9
RX28CAT2,5,0,0.0,=16020 (100.0%); 053=2 (0.0%); 129=1 (0.0%); 388=1 (0.0%); 219=1 (0.0%),4
RX28CAT3,1,0,0.0,=16025 (100.0%),0
RX28CAT4,1,0,0.0,=16025 (100.0%),0
RX28V1C1,8,0,0.0,=16013 (99.9%); 040=3 (0.0%); 115=3 (0.0%); 057=2 (0.0%); 358=1 (0.0%),7
RX28V1C2,4,0,0.0,=16020 (100.0%); 040=3 (0.0%); 122=1 (0.0%); 218=1 (0.0%),3
RX28V1C3,1,0,0.0,=16025 (100.0%),0
RX28V1C4,1,0,0.0,=16025 (100.0%),0
RX28V2C1,10,0,0.0,=16013 (99.9%); 117=3 (0.0%); 045=2 (0.0%); 019=1 (0.0%); 083=1 (0.0%),9
RX28V2C2,5,0,0.0,=16020 (100.0%); 053=2 (0.0%); 129=1 (0.0%); 046=1 (0.0%); 219=1 (0.0%),4
RX28V2C3,1,0,0.0,=16025 (100.0%),0
RX28V2C4,1,0,0.0,=16025 (100.0%),0
RX28V3C1,6,0,0.0,=16020 (100.0%); 173=1 (0.0%); 211=1 (0.0%); 195=1 (0.0%); 161=1 (0.0%),5
RX28V3C2,2,0,0.0,=16024 (100.0%); 388=1 (0.0%),1
RX28V3C3,1,0,0.0,=16025 (100.0%),0
RX28V3C4,1,0,0.0,=16025 (100.0%),0
DRUGID29,6,0,0.0,=16020 (100.0%); d04102=1 (0.0%); d03431=1 (0.0%); d03768=1 (0.0%); d03669=1 (0.0%),5
PRESCR29,3,16020,99.97,1.0=2 (40.0%); 5.0=2 (40.0%); 2.0=1 (20.0%),0
CONTSUB29,2,16020,99.97,6.0=4 (80.0%); 2.0=1 (20.0%),0
COMSTAT29,2,16020,99.97,1.0=3 (60.0%); 2.0=2 (40.0%),0
RX29CAT1,6,0,0.0,=16020 (100.0%); 178=1 (0.0%); 191=1 (0.0%); 168=1 (0.0%); 453=1 (0.0%),5
RX29CAT2,1,0,0.0,=16025 (100.0%),0
RX29CAT3,1,0,0.0,=16025 (100.0%),0
RX29CAT4,1,0,0.0,=16025 (100.0%),0
RX29V1C1,4,0,0.0,=16020 (100.0%); 057=2 (0.0%); 133=2 (0.0%); 113=1 (0.0%),3
RX29V1C2,1,0,0.0,=16025 (100.0%),0
RX29V1C3,1,0,0.0,=16025 (100.0%),0
RX29V1C4,1,0,0.0,=16025 (100.0%),0
RX29V2C1,6,0,0.0,=16020 (100.0%); 073=1 (0.0%); 058=1 (0.0%); 147=1 (0.0%); 136=1 (0.0%),5
RX29V2C2,1,0,0.0,=16025 (100.0%),0
RX29V2C3,1,0,0.0,=16025 (100.0%),0
RX29V2C4,1,0,0.0,=16025 (100.0%),0
RX29V3C1,5,0,0.0,=16021 (100.0%); 178=1 (0.0%); 191=1 (0.0%); 168=1 (0.0%); 453=1 (0.0%),4
RX29V3C2,1,0,0.0,=16025 (100.0%),0
RX29V3C3,1,0,0.0,=16025 (100.0%),0
RX29V3C4,1,0,0.0,=16025 (100.0%),0
DRUGID30,2,0,0.0,=16024 (100.0%); d00321=1 (0.0%),1
PRESCR30,1,16024,99.99,1.0=1 (100.0%),0
CONTSUB30,1,16024,99.99,6.0=1 (100.0%),0
COMSTAT30,1,16024,99.99,1.0=1 (100.0%),0
RX30CAT1,2,0,0.0,=16024 (100.0%); 045=1 (0.0%),1
RX30CAT2,2,0,0.0,=16024 (100.0%); 053=1 (0.0%),1
RX30CAT3,1,0,0.0,=16025 (100.0%),0
RX30CAT4,1,0,0.0,=16025 (100.0%),0
RX30V1C1,2,0,0.0,=16024 (100.0%); 040=1 (0.0%),1
RX30V1C2,2,0,0.0,=16024 (100.0%); 040=1 (0.0%),1
RX30V1C3,1,0,0.0,=16025 (100.0%),0
RX30V1C4,1,0,0.0,=16025 (100.0%),0
RX30V2C1,2,0,0.0,=16024 (100.0%); 045=1 (0.0%),1
RX30V2C2,2,0,0.0,=16024 (100.0%); 053=1 (0.0%),1
RX30V2C3,1,0,0.0,=16025 (100.0%),0
RX30V2C4,1,0,0.0,=16025 (100.0%),0
RX30V3C1,1,0,0.0,=16025 (100.0%),0
RX30V3C2,1,0,0.0,=16025 (100.0%),0
RX30V3C3,1,0,0.0,=16025 (100.0%),0
RX30V3C4,1,0,0.0,=16025 (100.0%),0
SETTYPE,1,0,0.0,3.0=16025 (100.0%),0
YEAR,1,0,0.0,2022.0=16025 (100.0%),0
CSTRATM,8,0,0.0,20422201.0=3015 (18.8%); 40200000.0=2725 (17.0%); 40300000.0=2705 (16.9%); 20122201.0=2017 (12.6%); 20222201.0=1787 (11.2%),0
